Survived,Pclass,Sex,Age,SibSp,Parch,Fare,FamilySize,IsAlone,Sex_encoded,Embarked_C,Embarked_Q,Embarked_S,Title_Master,Title_Miss,Title_Mr,Title_Mrs,Title_Rare,Age_scaled,Fare_scaled
0,3,male,22.0,1,0,7.25,2,0,0,False,False,True,False,False,True,False,False,0.2711736617240513,0.029115738554643292
1,1,female,38.0,1,0,71.2833,2,0,1,True,False,False,False,False,False,True,False,0.4722292033174164,0.286271162222373
1,3,female,26.0,0,0,7.925,1,1,1,False,False,True,False,True,False,False,False,0.32143754712239253,0.031826514213179044
1,1,female,35.0,1,0,53.1,2,0,1,False,False,True,False,False,False,True,False,0.43453128926866047,0.21324768513814604
0,3,male,35.0,0,0,8.05,1,1,0,False,False,True,False,False,True,False,False,0.43453128926866047,0.03232850970550048
0,3,male,25.0,0,0,8.4583,1,1,0,False,True,False,False,False,True,False,False,0.3088715757728072,0.03396822778161922
0,1,male,54.0,0,0,51.8625,1,1,0,False,False,True,False,False,True,False,False,0.6732847449107816,0.20827792976416382
0,3,male,2.0,3,1,21.075,5,0,0,False,False,True,True,False,False,False,False,0.01985423473234481,0.08463644000539412
1,3,female,27.0,0,2,11.1333,3,0,1,False,False,True,False,False,False,True,False,0.33400351847197784,0.044710931317297954
1,2,female,14.0,1,0,30.0708,2,0,1,True,False,False,False,False,False,True,False,0.17064589092736868,0.12076324840399551
1,3,female,4.0,1,1,16.7,3,0,1,False,False,True,False,True,False,False,False,0.04498617743151546,0.06706659777414385
1,1,female,58.0,0,0,26.55,1,1,1,False,False,True,False,True,False,False,False,0.7235486303091229,0.10662384256907302
0,3,male,20.0,0,0,8.05,1,1,0,False,False,True,False,False,True,False,False,0.24604171902488062,0.03232850970550048
0,3,male,39.0,1,5,31.275,7,0,0,False,False,True,False,False,True,False,False,0.4847951746670017,0.1255992721788233
0,3,female,14.0,0,0,7.8542,1,1,1,False,False,True,False,True,False,False,False,0.17064589092736868,0.031542183966328186
1,2,female,55.0,0,0,16.0,1,1,1,False,False,True,False,False,False,True,False,0.6858507162603669,0.06425542301714382
0,3,male,2.0,4,1,29.125,6,0,0,False,True,False,True,False,False,False,False,0.01985423473234481,0.1169649497108946
1,2,male,30.0,0,0,13.0,1,1,0,False,False,True,False,False,True,False,False,0.37170143252073384,0.052207531201429354
0,3,female,31.0,1,0,18.0,2,0,1,False,False,True,False,False,False,True,False,0.38426740387031916,0.0722873508942868
1,3,female,21.5,0,0,7.225,1,1,1,True,False,False,False,False,False,True,False,0.2648906760492586,0.029015339456179005
0,2,male,35.0,0,0,26.0,1,1,0,False,False,True,False,False,True,False,False,0.43453128926866047,0.10441506240285871
1,2,male,34.0,0,0,13.0,1,1,0,False,False,True,False,False,True,False,False,0.42196531791907516,0.052207531201429354
1,3,female,15.0,0,0,8.0292,1,1,1,False,True,False,False,True,False,False,False,0.18321186227695402,0.0322449776555782
1,1,male,28.0,0,0,35.5,1,1,0,False,False,True,False,False,True,False,False,0.3465694898215632,0.14256671981928784
0,3,female,8.0,3,1,21.075,5,0,1,False,False,True,False,True,False,False,False,0.09525006282985675,0.08463644000539412
1,3,female,38.0,1,5,31.3875,7,0,1,False,False,True,False,False,False,True,False,0.4722292033174164,0.1260510681219126
0,3,male,25.0,0,0,7.225,1,1,0,True,False,False,False,False,True,False,False,0.3088715757728072,0.029015339456179005
0,1,male,19.0,3,2,249.00622000000035,6,0,0,False,False,True,False,False,True,False,False,0.23347574767529528,1.0
1,3,female,21.5,0,0,7.8792,1,1,1,False,True,False,False,True,False,False,False,0.2648906760492586,0.03164258306479247
0,3,male,25.0,0,0,7.8958,1,1,0,False,False,True,False,False,True,False,False,0.3088715757728072,0.031709248066172764
0,1,male,40.0,0,0,27.7208,1,1,0,True,False,False,False,False,False,False,True,0.4973611460165871,0.11132573314835252
1,1,female,35.0,1,0,146.5208,2,0,1,True,False,False,False,False,False,True,False,0.43453128926866047,0.5884222490506454
1,3,female,21.5,0,0,7.75,1,1,1,False,True,False,False,True,False,False,False,0.2648906760492586,0.031123720523929036
0,2,male,66.0,0,0,10.5,1,1,0,False,False,True,False,False,True,False,False,0.8240764011058055,0.04216762135500063
0,1,male,28.0,1,0,82.1708,2,0,0,True,False,False,False,False,True,False,False,0.3465694898215632,0.32999496960357005
0,1,male,42.0,1,0,52.0,2,0,0,False,False,True,False,False,True,False,False,0.5224930887157577,0.20883012480571742
1,3,male,25.0,0,0,7.2292,1,1,0,True,False,False,False,False,True,False,False,0.3088715757728072,0.029032206504721002
0,3,male,21.0,0,0,8.05,1,1,0,False,False,True,False,False,True,False,False,0.2586076903744659,0.03232850970550048
0,3,female,18.0,2,0,18.0,3,0,1,False,False,True,False,True,False,False,False,0.22090977632570996,0.0722873508942868
1,3,female,14.0,1,0,11.2417,2,0,1,True,False,False,False,True,False,False,False,0.17064589092736868,0.0451462618082391
0,3,female,40.0,1,0,9.475,2,0,1,False,False,True,False,False,False,True,False,0.4973611460165871,0.03805125831796485
0,2,female,27.0,1,0,21.0,2,0,1,False,False,True,False,False,False,True,False,0.33400351847197784,0.08433524271000126
0,3,male,25.0,0,0,7.8958,1,1,0,True,False,False,False,False,True,False,False,0.3088715757728072,0.031709248066172764
1,2,female,3.0,1,2,41.5792,4,0,1,True,False,False,False,True,False,False,False,0.032420206081930136,0.16698056779465165
1,3,female,19.0,0,0,7.8792,1,1,1,False,True,False,False,True,False,False,False,0.23347574767529528,0.03164258306479247
0,3,male,25.0,0,0,8.05,1,1,0,False,False,True,False,False,True,False,False,0.3088715757728072,0.03232850970550048
0,3,male,25.0,1,0,15.5,2,0,0,False,True,False,False,False,True,False,False,0.3088715757728072,0.06224744104785807
1,3,female,21.5,0,0,7.75,1,1,1,False,True,False,False,True,False,False,False,0.2648906760492586,0.031123720523929036
0,3,male,25.0,2,0,21.6792,3,0,0,True,False,False,False,False,True,False,False,0.3088715757728072,0.08706288541707902
0,3,female,18.0,1,0,17.8,2,0,1,False,False,True,False,False,False,True,False,0.22090977632570996,0.0714841581065725
0,3,male,7.0,4,1,39.6875,6,0,0,False,False,True,True,False,False,False,False,0.08268409148027142,0.15938356881205595
0,3,male,21.0,0,0,7.8,1,1,0,False,False,True,False,False,True,False,False,0.2586076903744659,0.03132451872085761
1,1,female,49.0,1,0,76.7292,2,0,1,True,False,False,False,False,False,True,False,0.610454888162855,0.30814170023543946
1,2,female,29.0,1,0,26.0,2,0,1,False,False,True,False,False,False,True,False,0.35913546117114853,0.10441506240285871
0,1,male,65.0,0,1,61.9792,2,0,0,True,False,False,False,False,True,False,False,0.8115104297562201,0.24890623214151
1,1,male,40.0,0,0,35.5,1,1,0,False,False,True,False,False,True,False,False,0.4973611460165871,0.14256671981928784
1,2,female,21.0,0,0,10.5,1,1,1,False,False,True,False,True,False,False,False,0.2586076903744659,0.04216762135500063
0,3,male,28.5,0,0,7.2292,1,1,0,True,False,False,False,False,True,False,False,0.35285247549635584,0.029032206504721002
1,2,female,5.0,1,2,27.75,4,0,1,False,False,True,False,True,False,False,False,0.05755214878110078,0.11144299929535881
0,3,male,11.0,5,2,46.9,8,0,0,False,False,True,True,False,False,False,False,0.13294797687861273,0.1883487087190028
0,3,male,22.0,0,0,7.2292,1,1,0,True,False,False,False,False,True,False,False,0.2711736617240513,0.029032206504721002
1,1,female,38.0,0,0,80.0,1,1,1,False,False,True,False,True,False,False,False,0.4722292033174164,0.3212771150857191
0,1,male,45.0,1,0,83.475,2,0,0,False,False,True,False,False,True,False,False,0.5601910027645137,0.335232589772255
0,3,male,4.0,3,2,27.9,6,0,0,False,False,True,True,False,False,False,False,0.04498617743151546,0.11204539388614453
0,1,male,40.0,0,0,27.7208,1,1,0,True,False,False,False,False,True,False,False,0.4973611460165871,0.11132573314835252
1,3,male,25.0,1,1,15.2458,3,0,0,True,False,False,True,False,False,False,False,0.3088715757728072,0.061226583014673194
1,2,female,29.0,0,0,10.5,1,1,1,False,False,True,False,False,False,True,False,0.35913546117114853,0.04216762135500063
0,3,male,19.0,0,0,8.1583,1,1,0,False,False,True,False,False,True,False,False,0.23347574767529528,0.032763438600047774
1,3,female,17.0,4,2,7.925,7,0,1,False,False,True,False,True,False,False,False,0.20834380497612465,0.031826514213179044
0,3,male,26.0,2,0,8.6625,3,0,0,False,False,True,False,False,True,False,False,0.32143754712239253,0.034788287617875516
0,2,male,32.0,0,0,10.5,1,1,0,False,False,True,False,False,True,False,False,0.39683337521990447,0.04216762135500063
0,3,female,16.0,5,2,46.9,8,0,1,False,False,True,False,True,False,False,False,0.19577783362653933,0.1883487087190028
0,2,male,21.0,0,0,73.5,1,1,0,False,False,True,False,False,True,False,False,0.2586076903744659,0.2951733494850044
0,3,male,26.0,1,0,14.4542,2,0,0,True,False,False,False,False,True,False,False,0.32143754712239253,0.05804754596090001
1,3,male,32.0,0,0,56.4958,1,1,0,False,False,True,False,False,True,False,False,0.39683337521990447,0.22688509548074712
0,3,male,25.0,0,0,7.65,1,1,0,False,False,True,False,False,True,False,False,0.3088715757728072,0.03072212413007189
0,3,male,25.0,0,0,7.8958,1,1,0,False,False,True,False,False,True,False,False,0.3088715757728072,0.031709248066172764
0,3,male,25.0,0,0,8.05,1,1,0,False,False,True,False,False,True,False,False,0.3088715757728072,0.03232850970550048
1,2,male,0.83,0,2,29.0,3,0,0,False,False,True,True,False,False,False,False,0.005152048253329982,0.11646295421857317
1,3,female,30.0,0,0,12.475,1,1,1,False,False,True,False,True,False,False,False,0.37170143252073384,0.05009915013367932
0,3,male,22.0,0,0,9.0,1,1,0,False,False,True,False,False,True,False,False,0.2711736617240513,0.0361436754471434
1,3,male,29.0,0,0,9.5,1,1,0,False,False,True,False,False,True,False,False,0.35913546117114853,0.03815165741642914
1,3,female,21.5,0,0,7.7875,1,1,1,False,True,False,False,True,False,False,False,0.2648906760492586,0.031274319171625466
0,1,male,28.0,0,0,47.1,1,1,0,False,False,True,False,False,True,False,False,0.3465694898215632,0.18915190150671712
1,2,female,17.0,0,0,10.5,1,1,1,False,False,True,False,True,False,False,False,0.20834380497612465,0.04216762135500063
1,3,female,33.0,3,0,15.85,4,0,1,False,False,True,False,False,False,True,False,0.4093993465694898,0.06365302842635809
0,3,male,16.0,1,3,34.375,5,0,0,False,False,True,False,False,True,False,False,0.19577783362653933,0.13804876038839492
0,3,male,25.0,0,0,8.05,1,1,0,False,False,True,False,False,True,False,False,0.3088715757728072,0.03232850970550048
1,1,female,23.0,3,2,249.00622000000035,6,0,1,False,False,True,False,True,False,False,False,0.2837396330736366,1.0
0,3,male,24.0,0,0,8.05,1,1,0,False,False,True,False,False,True,False,False,0.2963056044232219,0.03232850970550048
0,3,male,29.0,0,0,8.05,1,1,0,False,False,True,False,False,True,False,False,0.35913546117114853,0.03232850970550048
0,3,male,20.0,0,0,7.8542,1,1,0,False,False,True,False,False,True,False,False,0.24604171902488062,0.031542183966328186
0,1,male,46.0,1,0,61.175,2,0,0,False,False,True,False,False,True,False,False,0.572756974114099,0.2456765939421108
0,3,male,26.0,1,2,20.575,4,0,0,False,False,True,False,False,True,False,False,0.32143754712239253,0.08262845803610838
0,3,male,59.0,0,0,7.25,1,1,0,False,False,True,False,False,True,False,False,0.7361146016587082,0.029115738554643292
0,3,male,25.0,0,0,8.05,1,1,0,False,False,True,False,False,True,False,False,0.3088715757728072,0.03232850970550048
0,1,male,71.0,0,0,34.6542,1,1,0,True,False,False,False,False,True,False,False,0.8869062578537321,0.1391700175200441
1,1,male,23.0,0,1,63.3583,2,0,0,True,False,False,False,False,True,False,False,0.2837396330736366,0.2544446480091939
1,2,female,34.0,0,1,23.0,2,0,1,False,False,True,False,False,False,True,False,0.42196531791907516,0.09236717058714423
0,2,male,34.0,1,0,26.0,2,0,0,False,False,True,False,False,True,False,False,0.42196531791907516,0.10441506240285871
0,3,female,28.0,0,0,7.8958,1,1,1,False,False,True,False,True,False,False,False,0.3465694898215632,0.031709248066172764
0,3,male,25.0,0,0,7.8958,1,1,0,False,False,True,False,False,True,False,False,0.3088715757728072,0.031709248066172764
0,1,male,21.0,0,1,77.2875,2,0,0,False,False,True,False,False,True,False,False,0.2586076903744659,0.3103838129023439
0,3,male,33.0,0,0,8.6542,1,1,0,False,False,True,False,False,True,False,False,0.4093993465694898,0.03475495511718538
0,3,male,37.0,2,0,7.925,3,0,0,False,False,True,False,False,True,False,False,0.4596632319678311,0.031826514213179044
0,3,male,28.0,0,0,7.8958,1,1,0,False,False,True,False,False,True,False,False,0.3465694898215632,0.031709248066172764
1,3,female,21.0,0,0,7.65,1,1,1,False,False,True,False,True,False,False,False,0.2586076903744659,0.03072212413007189
1,3,male,25.0,0,0,7.775,1,1,0,False,False,True,False,False,True,False,False,0.3088715757728072,0.031224119622393326
0,3,male,38.0,0,0,7.8958,1,1,0,False,False,True,False,False,True,False,False,0.4722292033174164,0.031709248066172764
1,3,female,21.5,1,0,24.15,2,0,1,False,True,False,False,True,False,False,False,0.2648906760492586,0.09698552911650145
0,1,male,47.0,0,0,52.0,1,1,0,False,False,True,False,False,True,False,False,0.5853229454636844,0.20883012480571742
0,3,female,14.5,1,0,14.4542,2,0,1,True,False,False,False,True,False,False,False,0.17692887660216136,0.05804754596090001
0,3,male,22.0,0,0,8.05,1,1,0,False,False,True,False,False,True,False,False,0.2711736617240513,0.03232850970550048
0,3,female,20.0,1,0,9.825,2,0,1,False,False,True,False,True,False,False,False,0.24604171902488062,0.03945684569646487
0,3,female,17.0,0,0,14.4583,1,1,1,True,False,False,False,True,False,False,False,0.20834380497612465,0.05806401141304815
0,3,male,21.0,0,0,7.925,1,1,0,False,False,True,False,False,True,False,False,0.2586076903744659,0.031826514213179044
0,3,male,70.5,0,0,7.75,1,1,0,False,True,False,False,False,True,False,False,0.8806232721789394,0.031123720523929036
0,2,male,29.0,1,0,21.0,2,0,0,False,False,True,False,False,True,False,False,0.35913546117114853,0.08433524271000126
0,1,male,24.0,0,1,247.5208,2,0,0,True,False,False,False,False,True,False,False,0.2963056044232219,0.9940346068463658
0,3,female,2.0,4,2,31.275,7,0,1,False,False,True,False,True,False,False,False,0.01985423473234481,0.1255992721788233
0,2,male,21.0,2,0,73.5,3,0,0,False,False,True,False,False,True,False,False,0.2586076903744659,0.2951733494850044
0,3,male,25.0,0,0,8.05,1,1,0,False,False,True,False,False,True,False,False,0.3088715757728072,0.03232850970550048
0,2,male,32.5,1,0,30.0708,2,0,0,True,False,False,False,False,True,False,False,0.40311636089469716,0.12076324840399551
1,2,female,32.5,0,0,13.0,1,1,1,False,False,True,False,True,False,False,False,0.40311636089469716,0.052207531201429354
0,1,male,54.0,0,1,77.2875,2,0,0,False,False,True,False,False,True,False,False,0.6732847449107816,0.3103838129023439
1,3,male,12.0,1,0,11.2417,2,0,0,True,False,False,True,False,False,False,False,0.14551394822819805,0.0451462618082391
0,3,male,25.0,0,0,7.75,1,1,0,False,True,False,False,False,True,False,False,0.3088715757728072,0.031123720523929036
1,3,male,24.0,0,0,7.1417,1,1,0,False,False,True,False,False,True,False,False,0.2963056044232219,0.028680809660096
1,3,female,21.5,1,1,22.3583,3,0,1,True,False,False,False,True,False,False,False,0.2648906760492586,0.08979012652776291
0,3,male,45.0,0,0,6.975,1,1,0,False,False,True,False,False,True,False,False,0.5601910027645137,0.02801134847153613
0,3,male,33.0,0,0,7.8958,1,1,0,True,False,False,False,False,True,False,False,0.4093993465694898,0.031709248066172764
0,3,male,20.0,0,0,7.05,1,1,0,False,False,True,False,False,True,False,False,0.24604171902488062,0.028312545766928994
0,3,female,47.0,1,0,14.5,2,0,1,False,False,True,False,False,False,True,False,0.5853229454636844,0.058231477109286583
1,2,female,29.0,1,0,26.0,2,0,1,False,False,True,False,False,False,True,False,0.35913546117114853,0.10441506240285871
0,2,male,25.0,0,0,13.0,1,1,0,False,False,True,False,False,True,False,False,0.3088715757728072,0.052207531201429354
0,2,male,23.0,0,0,15.0458,1,1,0,True,False,False,False,False,True,False,False,0.2837396330736366,0.060423390226958903
1,1,female,19.0,0,2,26.2833,3,0,1,False,False,True,False,True,False,False,False,0.23347574767529528,0.105552784986656
0,1,male,37.0,1,0,53.1,2,0,0,False,False,True,False,False,True,False,False,0.4596632319678311,0.21324768513814604
0,3,male,16.0,0,0,9.2167,1,1,0,False,False,True,False,False,True,False,False,0.19577783362653933,0.03701393483263184
0,1,male,24.0,0,0,79.2,1,1,0,True,False,False,False,False,True,False,False,0.2963056044232219,0.3180643439348619
0,3,female,21.5,0,2,15.2458,3,0,1,True,False,False,False,False,False,True,False,0.2648906760492586,0.061226583014673194
1,3,female,22.0,0,0,7.75,1,1,1,False,False,True,False,True,False,False,False,0.2711736617240513,0.031123720523929036
1,3,female,24.0,1,0,15.85,2,0,1,False,False,True,False,False,False,True,False,0.2963056044232219,0.06365302842635809
0,3,male,19.0,0,0,6.75,1,1,0,False,True,False,False,False,True,False,False,0.23347574767529528,0.027107756585357547
0,2,male,18.0,0,0,11.5,1,1,0,False,False,True,False,False,True,False,False,0.22090977632570996,0.04618358529357212
0,2,male,19.0,1,1,36.75,3,0,0,False,False,True,False,False,True,False,False,0.23347574767529528,0.1475866747425022
1,3,male,27.0,0,0,7.7958,1,1,0,False,False,True,False,False,True,False,False,0.33400351847197784,0.03130765167231561
0,3,female,9.0,2,2,34.375,5,0,1,False,False,True,False,True,False,False,False,0.10781603417944208,0.13804876038839492
0,2,male,36.5,0,2,26.0,3,0,0,False,False,True,False,False,True,False,False,0.4533802462930384,0.10441506240285871
0,2,male,42.0,0,0,13.0,1,1,0,False,False,True,False,False,False,False,True,0.5224930887157577,0.052207531201429354
0,2,male,51.0,0,0,12.525,1,1,0,False,False,True,False,False,False,False,True,0.6355868308620256,0.0502999483306079
1,1,female,22.0,1,0,66.6,2,0,1,False,False,True,False,False,False,True,False,0.2711736617240513,0.2674631983088611
0,3,male,55.5,0,0,8.05,1,1,0,False,False,True,False,False,True,False,False,0.6921337019351596,0.03232850970550048
0,3,male,40.5,0,2,14.5,3,0,0,False,False,True,False,False,True,False,False,0.5036441316913798,0.058231477109286583
0,3,male,25.0,0,0,7.3125,1,1,0,False,False,True,False,False,True,False,False,0.3088715757728072,0.02936673630080401
0,1,male,51.0,0,1,61.3792,2,0,0,True,False,False,False,False,True,False,False,0.6355868308620256,0.2464966537783671
1,3,female,16.0,0,0,7.7333,1,1,1,False,True,False,False,True,False,False,False,0.19577783362653933,0.031056653926154892
0,3,male,30.0,0,0,8.05,1,1,0,False,False,True,False,False,True,False,False,0.37170143252073384,0.03232850970550048
0,3,male,25.0,0,0,8.6625,1,1,0,False,False,True,False,False,True,False,False,0.3088715757728072,0.034788287617875516
0,3,male,25.0,8,2,69.55,11,0,0,False,False,True,True,False,False,False,False,0.3088715757728072,0.279310291927647
0,3,male,44.0,0,1,16.1,2,0,0,False,False,True,False,False,True,False,False,0.5476250314149284,0.06465701941100097
1,2,female,40.0,0,0,15.75,1,1,1,False,False,True,False,False,False,True,False,0.4973611460165871,0.06325143203250094
0,3,male,26.0,0,0,7.775,1,1,0,False,False,True,False,False,True,False,False,0.32143754712239253,0.031224119622393326
0,3,male,17.0,0,0,8.6625,1,1,0,False,False,True,False,False,True,False,False,0.20834380497612465,0.034788287617875516
0,3,male,1.0,4,1,39.6875,6,0,0,False,False,True,True,False,False,False,False,0.007288263382759489,0.15938356881205595
1,3,male,9.0,0,2,20.525,3,0,0,False,False,True,True,False,False,False,False,0.10781603417944208,0.0824276598391798
1,1,female,35.0,0,1,55.0,2,0,1,False,False,True,False,False,False,True,False,0.43453128926866047,0.22087801662143186
0,3,female,45.0,1,4,27.9,6,0,1,False,False,True,False,False,False,True,False,0.5601910027645137,0.11204539388614453
0,1,male,40.0,0,0,25.925,1,1,0,False,False,True,False,False,True,False,False,0.4973611460165871,0.10411386510746584
0,3,male,28.0,0,0,56.4958,1,1,0,False,False,True,False,False,True,False,False,0.3465694898215632,0.22688509548074712
0,1,male,61.0,0,0,33.5,1,1,0,False,False,True,False,False,True,False,False,0.7612465443578789,0.13453479194214488
0,3,male,4.0,4,1,29.125,6,0,0,False,True,False,True,False,False,False,False,0.04498617743151546,0.1169649497108946
1,3,female,1.0,1,1,11.1333,3,0,1,False,False,True,False,True,False,False,False,0.007288263382759489,0.044710931317297954
0,3,male,21.0,0,0,7.925,1,1,0,False,False,True,False,False,True,False,False,0.2586076903744659,0.031826514213179044
0,1,male,56.0,0,0,30.6958,1,1,0,True,False,False,False,False,True,False,False,0.6984166876099522,0.12327322586560269
0,3,male,18.0,1,1,7.8542,3,0,0,False,False,True,False,False,True,False,False,0.22090977632570996,0.031542183966328186
0,3,male,25.0,3,1,25.4667,5,0,0,False,False,True,True,False,False,False,False,0.3088715757728072,0.10227334883441852
0,1,female,50.0,0,0,28.7125,1,1,1,True,False,False,False,True,False,False,False,0.6230208595124404,0.11530836458623386
0,2,male,30.0,0,0,13.0,1,1,0,False,False,True,False,False,True,False,False,0.37170143252073384,0.052207531201429354
0,3,male,36.0,0,0,0.0,1,1,0,False,False,True,False,False,True,False,False,0.4470972606182458,0.0
0,3,female,21.5,8,2,69.55,11,0,1,False,False,True,False,True,False,False,False,0.2648906760492586,0.279310291927647
0,2,male,30.0,0,0,15.05,1,1,0,True,False,False,False,False,True,False,False,0.37170143252073384,0.060440257275500904
0,3,male,9.0,4,2,31.3875,7,0,0,False,False,True,True,False,False,False,False,0.10781603417944208,0.1260510681219126
1,2,male,1.0,2,1,39.0,4,0,0,False,False,True,True,False,False,False,False,0.007288263382759489,0.15662259360428807
1,3,female,4.0,0,2,22.025,3,0,1,False,False,True,False,True,False,False,False,0.04498617743151546,0.08845160574703703
0,1,male,40.0,0,0,50.0,1,1,0,False,False,True,False,False,True,False,False,0.4973611460165871,0.20079819692857442
1,3,female,21.5,1,0,15.5,2,0,1,False,True,False,False,False,False,True,False,0.2648906760492586,0.06224744104785807
1,1,male,45.0,0,0,26.55,1,1,0,False,False,True,False,False,True,False,False,0.5601910027645137,0.10662384256907302
0,3,male,40.0,1,1,15.5,3,0,0,False,True,False,False,False,True,False,False,0.4973611460165871,0.06224744104785807
0,3,male,36.0,0,0,7.8958,1,1,0,False,False,True,False,False,True,False,False,0.4470972606182458,0.031709248066172764
1,2,female,32.0,0,0,13.0,1,1,1,False,False,True,False,False,False,True,False,0.39683337521990447,0.052207531201429354
0,2,male,19.0,0,0,13.0,1,1,0,False,False,True,False,False,True,False,False,0.23347574767529528,0.052207531201429354
1,3,female,19.0,1,0,7.8542,2,0,1,False,False,True,False,True,False,False,False,0.23347574767529528,0.031542183966328186
1,2,male,3.0,1,1,26.0,3,0,0,False,False,True,True,False,False,False,False,0.032420206081930136,0.10441506240285871
1,1,female,44.0,0,0,27.7208,1,1,1,True,False,False,False,False,False,True,False,0.5476250314149284,0.11132573314835252
1,1,female,58.0,0,0,146.5208,1,1,1,True,False,False,False,True,False,False,False,0.7235486303091229,0.5884222490506454
0,3,male,25.0,0,0,7.75,1,1,0,False,True,False,False,False,True,False,False,0.3088715757728072,0.031123720523929036
0,3,male,42.0,0,1,8.4042,2,0,0,False,False,True,False,False,True,False,False,0.5224930887157577,0.0337509641325425
1,3,female,21.5,0,0,7.75,1,1,1,False,True,False,False,True,False,False,False,0.2648906760492586,0.031123720523929036
0,2,female,24.0,0,0,13.0,1,1,1,False,False,True,False,True,False,False,False,0.2963056044232219,0.052207531201429354
0,3,male,28.0,0,0,9.5,1,1,0,False,False,True,False,False,True,False,False,0.3465694898215632,0.03815165741642914
0,3,male,25.0,8,2,69.55,11,0,0,False,False,True,False,False,True,False,False,0.3088715757728072,0.279310291927647
0,3,male,34.0,0,0,6.4958,1,1,0,False,False,True,False,False,True,False,False,0.42196531791907516,0.026086898552172676
0,3,male,45.5,0,0,7.225,1,1,0,True,False,False,False,False,True,False,False,0.5664739884393063,0.029015339456179005
1,3,male,18.0,0,0,8.05,1,1,0,False,False,True,False,False,True,False,False,0.22090977632570996,0.03232850970550048
0,3,female,2.0,0,1,10.4625,2,0,1,False,False,True,False,True,False,False,False,0.01985423473234481,0.0420170227073042
0,3,male,32.0,1,0,15.85,2,0,0,False,False,True,False,False,True,False,False,0.39683337521990447,0.06365302842635809
1,3,male,26.0,0,0,18.7875,1,1,0,True,False,False,False,False,True,False,False,0.32143754712239253,0.07544992249591184
1,3,female,16.0,0,0,7.75,1,1,1,False,True,False,False,True,False,False,False,0.19577783362653933,0.031123720523929036
1,1,male,40.0,0,0,31.0,1,1,0,True,False,False,False,False,True,False,False,0.4973611460165871,0.12449488209571614
0,3,male,24.0,0,0,7.05,1,1,0,False,False,True,False,False,True,False,False,0.2963056044232219,0.028312545766928994
1,2,female,35.0,0,0,21.0,1,1,1,False,False,True,False,True,False,False,False,0.43453128926866047,0.08433524271000126
0,3,male,22.0,0,0,7.25,1,1,0,False,False,True,False,False,True,False,False,0.2711736617240513,0.029115738554643292
0,2,male,30.0,0,0,13.0,1,1,0,False,False,True,False,False,True,False,False,0.37170143252073384,0.052207531201429354
0,3,male,25.0,1,0,7.75,2,0,0,False,True,False,False,False,True,False,False,0.3088715757728072,0.031123720523929036
1,1,female,31.0,1,0,113.275,2,0,1,True,False,False,False,True,False,False,False,0.38426740387031916,0.4549083151416854
1,3,female,27.0,0,0,7.925,1,1,1,False,False,True,False,True,False,False,False,0.33400351847197784,0.031826514213179044
0,2,male,42.0,1,0,27.0,2,0,0,False,False,True,False,False,True,False,False,0.5224930887157577,0.10843102634143019
1,1,female,32.0,0,0,76.2917,1,1,1,True,False,False,False,True,False,False,False,0.39683337521990447,0.3063847160123145
0,2,male,30.0,0,0,10.5,1,1,0,False,False,True,False,False,True,False,False,0.37170143252073384,0.04216762135500063
1,3,male,16.0,0,0,8.05,1,1,0,False,False,True,False,False,True,False,False,0.19577783362653933,0.03232850970550048
0,2,male,27.0,0,0,13.0,1,1,0,False,False,True,False,False,True,False,False,0.33400351847197784,0.052207531201429354
0,3,male,51.0,0,0,8.05,1,1,0,False,False,True,False,False,True,False,False,0.6355868308620256,0.03232850970550048
0,3,male,25.0,0,0,7.8958,1,1,0,False,False,True,False,False,True,False,False,0.3088715757728072,0.031709248066172764
1,1,male,38.0,1,0,90.0,2,0,0,False,False,True,False,False,True,False,False,0.4722292033174164,0.361436754471434
0,3,male,22.0,0,0,9.35,1,1,0,False,False,True,False,False,True,False,False,0.2711736617240513,0.037549262825643415
1,2,male,19.0,0,0,10.5,1,1,0,False,False,True,False,False,True,False,False,0.23347574767529528,0.04216762135500063
0,3,male,20.5,0,0,7.25,1,1,0,False,False,True,False,False,True,False,False,0.2523247046996733,0.029115738554643292
0,2,male,18.0,0,0,13.0,1,1,0,False,False,True,False,False,True,False,False,0.22090977632570996,0.052207531201429354
0,3,female,21.5,3,1,25.4667,5,0,1,False,False,True,False,True,False,False,False,0.2648906760492586,0.10227334883441852
1,1,female,35.0,1,0,83.475,2,0,1,False,False,True,False,False,False,True,False,0.43453128926866047,0.335232589772255
0,3,male,29.0,0,0,7.775,1,1,0,False,False,True,False,False,True,False,False,0.35913546117114853,0.031224119622393326
0,2,male,59.0,0,0,13.5,1,1,0,False,False,True,False,False,True,False,False,0.7361146016587082,0.054215513170715095
1,3,female,5.0,4,2,31.3875,7,0,1,False,False,True,False,True,False,False,False,0.05755214878110078,0.1260510681219126
0,2,male,24.0,0,0,10.5,1,1,0,False,False,True,False,False,True,False,False,0.2963056044232219,0.04216762135500063
0,3,female,21.5,0,0,7.55,1,1,1,False,False,True,False,True,False,False,False,0.2648906760492586,0.03032052773621474
0,2,male,44.0,1,0,26.0,2,0,0,False,False,True,False,False,True,False,False,0.5476250314149284,0.10441506240285871
1,2,female,8.0,0,2,26.25,3,0,1,False,False,True,False,True,False,False,False,0.09525006282985675,0.10541905338750157
0,2,male,19.0,0,0,10.5,1,1,0,False,False,True,False,False,True,False,False,0.23347574767529528,0.04216762135500063
0,2,male,33.0,0,0,12.275,1,1,0,False,False,True,False,False,True,False,False,0.4093993465694898,0.04929595734596502
0,3,female,21.5,1,0,14.4542,2,0,1,True,False,False,False,True,False,False,False,0.2648906760492586,0.05804754596090001
1,3,female,21.5,1,0,15.5,2,0,1,False,True,False,False,True,False,False,False,0.2648906760492586,0.06224744104785807
0,2,male,29.0,0,0,10.5,1,1,0,False,False,True,False,False,True,False,False,0.35913546117114853,0.04216762135500063
0,3,male,22.0,0,0,7.125,1,1,0,False,False,True,False,False,True,False,False,0.2711736617240513,0.028613743062321857
0,3,male,30.0,0,0,7.225,1,1,0,True,False,False,False,False,True,False,False,0.37170143252073384,0.029015339456179005
0,1,male,44.0,2,0,90.0,3,0,0,False,True,False,False,False,False,False,True,0.5476250314149284,0.361436754471434
0,3,female,25.0,0,0,7.775,1,1,1,False,False,True,False,True,False,False,False,0.3088715757728072,0.031224119622393326
1,2,female,24.0,0,2,14.5,3,0,1,False,False,True,False,False,False,True,False,0.2963056044232219,0.058231477109286583
1,1,male,37.0,1,1,52.5542,3,0,0,False,False,True,False,False,True,False,False,0.4596632319678311,0.21105577202047374
0,2,male,54.0,1,0,26.0,2,0,0,False,False,True,False,False,False,False,True,0.6732847449107816,0.10441506240285871
0,3,male,25.0,0,0,7.25,1,1,0,False,False,True,False,False,True,False,False,0.3088715757728072,0.029115738554643292
0,3,female,29.0,1,1,10.4625,3,0,1,False,False,True,False,False,False,True,False,0.35913546117114853,0.0420170227073042
0,1,male,62.0,0,0,26.55,1,1,0,False,False,True,False,False,True,False,False,0.7738125157074642,0.10662384256907302
0,3,male,30.0,1,0,16.1,2,0,0,False,False,True,False,False,True,False,False,0.37170143252073384,0.06465701941100097
0,3,female,41.0,0,2,20.2125,3,0,1,False,False,True,False,False,False,True,False,0.5099271173661724,0.08117267110837621
1,3,female,29.0,0,2,15.2458,3,0,1,True,False,False,False,False,False,True,False,0.35913546117114853,0.061226583014673194
1,1,female,35.0,0,0,79.2,1,1,1,True,False,False,False,False,False,True,False,0.43453128926866047,0.3180643439348619
1,1,female,30.0,0,0,86.5,1,1,1,False,False,True,False,True,False,False,False,0.37170143252073384,0.34738088068643375
1,1,female,35.0,0,0,249.00622000000035,1,1,1,True,False,False,False,True,False,False,False,0.43453128926866047,1.0
1,2,female,50.0,0,1,26.0,2,0,1,False,False,True,False,False,False,True,False,0.6230208595124404,0.10441506240285871
0,3,male,25.0,0,0,7.75,1,1,0,False,True,False,False,False,True,False,False,0.3088715757728072,0.031123720523929036
1,3,male,3.0,4,2,31.3875,7,0,0,False,False,True,True,False,False,False,False,0.032420206081930136,0.1260510681219126
0,1,male,52.0,1,1,79.65,3,0,0,False,False,True,False,False,True,False,False,0.648152802211611,0.3198715277072191
0,1,male,40.0,0,0,0.0,1,1,0,False,False,True,False,False,True,False,False,0.4973611460165871,0.0
0,3,female,21.5,0,0,7.75,1,1,1,False,True,False,False,True,False,False,False,0.2648906760492586,0.031123720523929036
0,2,male,36.0,0,0,10.5,1,1,0,False,False,True,False,False,True,False,False,0.4470972606182458,0.04216762135500063
0,3,male,16.0,4,1,39.6875,6,0,0,False,False,True,False,False,True,False,False,0.19577783362653933,0.15938356881205595
1,3,male,25.0,1,0,7.775,2,0,0,False,False,True,False,False,True,False,False,0.3088715757728072,0.031224119622393326
1,1,female,58.0,0,1,153.4625,2,0,1,False,False,True,False,False,False,True,False,0.7235486303091229,0.6162998659230271
1,1,female,35.0,0,0,135.6333,1,1,1,False,False,True,False,True,False,False,False,0.43453128926866047,0.5446984416694483
0,1,male,40.0,0,0,31.0,1,1,0,False,False,True,False,False,True,False,False,0.4973611460165871,0.12449488209571614
1,3,male,25.0,0,0,0.0,1,1,0,False,False,True,False,False,True,False,False,0.3088715757728072,0.0
1,2,female,41.0,0,1,19.5,2,0,1,False,False,True,False,False,False,True,False,0.5099271173661724,0.07831129680214403
0,1,male,37.0,0,1,29.7,2,0,0,True,False,False,False,False,True,False,False,0.4596632319678311,0.11927412897557321
1,3,female,21.5,0,0,7.75,1,1,1,False,True,False,False,True,False,False,False,0.2648906760492586,0.031123720523929036
1,1,female,63.0,1,0,77.9583,2,0,1,False,False,True,False,True,False,False,False,0.7863784870570495,0.31307772151233765
0,3,female,45.0,0,0,7.75,1,1,1,False,False,True,False,True,False,False,False,0.5601910027645137,0.031123720523929036
0,2,male,30.0,0,0,0.0,1,1,0,False,False,True,False,False,True,False,False,0.37170143252073384,0.0
0,3,male,7.0,4,1,29.125,6,0,0,False,True,False,True,False,False,False,False,0.08268409148027142,0.1169649497108946
1,3,female,35.0,1,1,20.25,3,0,1,False,False,True,False,False,False,True,False,0.43453128926866047,0.08132326975607264
0,3,male,65.0,0,0,7.75,1,1,0,False,True,False,False,False,True,False,False,0.8115104297562201,0.031123720523929036
0,3,male,28.0,0,0,7.8542,1,1,0,False,False,True,False,False,True,False,False,0.3465694898215632,0.031542183966328186
0,3,male,16.0,0,0,9.5,1,1,0,False,False,True,False,False,True,False,False,0.19577783362653933,0.03815165741642914
1,3,male,19.0,0,0,8.05,1,1,0,False,False,True,False,False,True,False,False,0.23347574767529528,0.03232850970550048
0,1,male,40.0,0,0,26.0,1,1,0,False,False,True,False,False,True,False,False,0.4973611460165871,0.10441506240285871
0,3,male,33.0,0,0,8.6625,1,1,0,True,False,False,False,False,True,False,False,0.4093993465694898,0.034788287617875516
1,3,male,30.0,0,0,9.5,1,1,0,False,False,True,False,False,True,False,False,0.37170143252073384,0.03815165741642914
0,3,male,22.0,0,0,7.8958,1,1,0,False,False,True,False,False,True,False,False,0.2711736617240513,0.031709248066172764
1,2,male,42.0,0,0,13.0,1,1,0,False,False,True,False,False,True,False,False,0.5224930887157577,0.052207531201429354
1,3,female,22.0,0,0,7.75,1,1,1,False,True,False,False,True,False,False,False,0.2711736617240513,0.031123720523929036
1,1,female,26.0,0,0,78.85,1,1,1,False,False,True,False,True,False,False,False,0.32143754712239253,0.31665875655636183
1,1,female,19.0,1,0,91.0792,2,0,1,True,False,False,False,False,False,True,False,0.23347574767529528,0.3657707827539403
0,2,male,36.0,0,0,12.875,1,1,0,True,False,False,False,False,True,False,False,0.4470972606182458,0.051705535709107915
0,3,female,24.0,0,0,8.85,1,1,1,False,False,True,False,True,False,False,False,0.2963056044232219,0.035541280856357674
0,3,male,24.0,0,0,7.8958,1,1,0,False,False,True,False,False,True,False,False,0.2963056044232219,0.031709248066172764
0,1,male,40.0,0,0,27.7208,1,1,0,True,False,False,False,False,True,False,False,0.4973611460165871,0.11132573314835252
0,3,male,23.5,0,0,7.2292,1,1,0,True,False,False,False,False,True,False,False,0.2900226187484292,0.029032206504721002
0,1,female,2.0,1,2,151.55,4,0,1,False,False,True,False,True,False,False,False,0.01985423473234481,0.6086193348905091
1,1,male,40.0,0,0,30.5,1,1,0,False,False,True,False,False,True,False,False,0.4973611460165871,0.1224869001264304
1,1,female,50.0,0,1,247.5208,2,0,1,True,False,False,False,False,False,True,False,0.6230208595124404,0.9940346068463658
1,3,female,21.5,0,0,7.75,1,1,1,False,True,False,False,True,False,False,False,0.2648906760492586,0.031123720523929036
1,3,male,25.0,2,0,23.25,3,0,0,False,True,False,False,False,True,False,False,0.3088715757728072,0.09337116157178711
0,3,male,19.0,0,0,0.0,1,1,0,False,False,True,False,False,True,False,False,0.23347574767529528,0.0
1,2,female,28.0,0,0,12.35,1,1,1,False,True,False,False,True,False,False,False,0.3465694898215632,0.04959715464135788
0,3,male,25.0,0,0,8.05,1,1,0,False,False,True,False,False,True,False,False,0.3088715757728072,0.03232850970550048
1,1,male,0.92,1,2,151.55,4,0,0,False,False,True,True,False,False,False,False,0.0062829856747926615,0.6086193348905091
1,1,female,35.0,0,0,110.8833,1,1,1,True,False,False,False,True,False,False,False,0.43453128926866047,0.44530333418980395
1,1,female,17.0,1,0,108.9,2,0,1,True,False,False,False,False,False,True,False,0.20834380497612465,0.43733847291043515
0,2,male,30.0,1,0,24.0,2,0,0,True,False,False,False,False,True,False,False,0.37170143252073384,0.09638313452571573
1,1,female,30.0,0,0,56.9292,1,1,1,True,False,False,False,True,False,False,False,0.37170143252073384,0.228625614251724
1,1,female,24.0,0,0,83.1583,1,1,1,True,False,False,False,True,False,False,False,0.2963056044232219,0.33396073399290943
1,1,female,18.0,2,2,249.00622000000035,5,0,1,True,False,False,False,True,False,False,False,0.22090977632570996,1.0
0,2,female,26.0,1,1,26.0,3,0,1,False,False,True,False,False,False,True,False,0.32143754712239253,0.10441506240285871
0,3,male,28.0,0,0,7.8958,1,1,0,False,False,True,False,False,True,False,False,0.3465694898215632,0.031709248066172764
0,2,male,43.0,1,1,26.25,3,0,0,False,False,True,False,False,True,False,False,0.5350590600653431,0.10541905338750157
1,3,female,26.0,0,0,7.8542,1,1,1,False,False,True,False,True,False,False,False,0.32143754712239253,0.031542183966328186
1,2,female,24.0,1,0,26.0,2,0,1,False,False,True,False,False,False,True,False,0.2963056044232219,0.10441506240285871
0,2,male,54.0,0,0,14.0,1,1,0,False,False,True,False,False,False,False,True,0.6732847449107816,0.05622349514000084
1,1,female,31.0,0,2,164.8667,3,0,1,False,False,True,False,True,False,False,False,0.38426740387031916,0.662098721871284
1,1,female,40.0,1,1,134.5,3,0,1,True,False,False,False,False,False,True,False,0.4973611460165871,0.5401471497378653
0,3,male,22.0,0,0,7.25,1,1,0,False,False,True,False,False,True,False,False,0.2711736617240513,0.029115738554643292
0,3,male,27.0,0,0,7.8958,1,1,0,False,False,True,False,False,True,False,False,0.33400351847197784,0.031709248066172764
1,2,female,30.0,0,0,12.35,1,1,1,False,True,False,False,True,False,False,False,0.37170143252073384,0.04959715464135788
1,2,female,22.0,1,1,29.0,3,0,1,False,False,True,False,False,False,True,False,0.2711736617240513,0.11646295421857317
0,3,male,25.0,8,2,69.55,11,0,0,False,False,True,False,False,True,False,False,0.3088715757728072,0.279310291927647
1,1,female,36.0,0,0,135.6333,1,1,1,True,False,False,False,True,False,False,False,0.4470972606182458,0.5446984416694483
0,3,male,61.0,0,0,6.2375,1,1,0,False,False,True,False,False,True,False,False,0.7612465443578789,0.02504957506683966
1,2,female,36.0,0,0,13.0,1,1,1,False,False,True,False,False,False,True,False,0.4470972606182458,0.052207531201429354
1,3,female,31.0,1,1,20.525,3,0,1,False,False,True,False,False,False,True,False,0.38426740387031916,0.0824276598391798
1,1,female,16.0,0,1,57.9792,2,0,1,True,False,False,False,True,False,False,False,0.19577783362653933,0.23284237638722405
1,3,female,21.5,2,0,23.25,3,0,1,False,True,False,False,True,False,False,False,0.2648906760492586,0.09337116157178711
0,1,male,45.5,0,0,28.5,1,1,0,False,False,True,False,False,True,False,False,0.5664739884393063,0.11445497224928743
0,1,male,38.0,0,1,153.4625,2,0,0,False,False,True,False,False,True,False,False,0.4722292033174164,0.6162998659230271
0,3,male,16.0,2,0,18.0,3,0,0,False,False,True,False,False,True,False,False,0.19577783362653933,0.0722873508942868
1,1,female,35.0,1,0,133.65,2,0,1,False,False,True,False,False,False,True,False,0.43453128926866047,0.5367335803900795
0,3,male,25.0,0,0,7.8958,1,1,0,False,False,True,False,False,True,False,False,0.3088715757728072,0.031709248066172764
0,1,male,29.0,1,0,66.6,2,0,0,False,False,True,False,False,True,False,False,0.35913546117114853,0.2674631983088611
1,1,female,41.0,0,0,134.5,1,1,1,True,False,False,False,True,False,False,False,0.5099271173661724,0.5401471497378653
1,3,male,45.0,0,0,8.05,1,1,0,False,False,True,False,False,True,False,False,0.5601910027645137,0.03232850970550048
0,1,male,45.0,0,0,35.5,1,1,0,False,False,True,False,False,True,False,False,0.5601910027645137,0.14256671981928784
1,2,male,2.0,1,1,26.0,3,0,0,False,False,True,True,False,False,False,False,0.01985423473234481,0.10441506240285871
1,1,female,24.0,3,2,249.00622000000035,6,0,1,False,False,True,False,True,False,False,False,0.2963056044232219,1.0
0,2,male,28.0,0,0,13.0,1,1,0,False,False,True,False,False,True,False,False,0.3465694898215632,0.052207531201429354
0,2,male,25.0,0,0,13.0,1,1,0,False,False,True,False,False,True,False,False,0.3088715757728072,0.052207531201429354
0,2,male,36.0,0,0,13.0,1,1,0,False,False,True,False,False,True,False,False,0.4470972606182458,0.052207531201429354
1,2,female,24.0,0,0,13.0,1,1,1,False,False,True,False,True,False,False,False,0.2963056044232219,0.052207531201429354
1,2,female,40.0,0,0,13.0,1,1,1,False,False,True,False,True,False,False,False,0.4973611460165871,0.052207531201429354
1,3,female,21.5,1,0,16.1,2,0,1,False,False,True,False,False,False,True,False,0.2648906760492586,0.06465701941100097
1,3,male,3.0,1,1,15.9,3,0,0,False,False,True,True,False,False,False,False,0.032420206081930136,0.06385382662328667
0,3,male,42.0,0,0,8.6625,1,1,0,False,False,True,False,False,True,False,False,0.5224930887157577,0.034788287617875516
0,3,male,23.0,0,0,9.225,1,1,0,False,False,True,False,False,True,False,False,0.2837396330736366,0.03704726733332198
0,1,male,40.0,0,0,35.0,1,1,0,False,False,True,False,False,True,False,False,0.4973611460165871,0.1405587378500021
0,3,male,15.0,1,1,7.2292,3,0,0,True,False,False,False,False,True,False,False,0.18321186227695402,0.029032206504721002
0,3,male,25.0,1,0,17.8,2,0,0,False,False,True,False,False,True,False,False,0.3088715757728072,0.0714841581065725
0,3,male,25.0,0,0,7.225,1,1,0,True,False,False,False,False,True,False,False,0.3088715757728072,0.029015339456179005
0,3,male,28.0,0,0,9.5,1,1,0,False,False,True,False,False,True,False,False,0.3465694898215632,0.03815165741642914
1,1,female,22.0,0,1,55.0,2,0,1,False,False,True,False,True,False,False,False,0.2711736617240513,0.22087801662143186
0,2,female,38.0,0,0,13.0,1,1,1,False,False,True,False,True,False,False,False,0.4722292033174164,0.052207531201429354
1,3,female,21.5,0,0,7.8792,1,1,1,False,True,False,False,True,False,False,False,0.2648906760492586,0.03164258306479247
1,3,female,21.5,0,0,7.8792,1,1,1,False,True,False,False,True,False,False,False,0.2648906760492586,0.03164258306479247
0,3,male,40.0,1,4,27.9,6,0,0,False,False,True,False,False,True,False,False,0.4973611460165871,0.11204539388614453
0,2,male,29.0,1,0,27.7208,2,0,0,True,False,False,False,False,True,False,False,0.35913546117114853,0.11132573314835252
0,3,female,45.0,0,1,14.4542,2,0,1,True,False,False,False,False,False,True,False,0.5601910027645137,0.05804754596090001
0,3,male,35.0,0,0,7.05,1,1,0,False,False,True,False,False,True,False,False,0.43453128926866047,0.028312545766928994
0,3,male,25.0,1,0,15.5,2,0,0,False,True,False,False,False,True,False,False,0.3088715757728072,0.06224744104785807
0,3,male,30.0,0,0,7.25,1,1,0,False,False,True,False,False,True,False,False,0.37170143252073384,0.029115738554643292
1,1,female,60.0,1,0,75.25,2,0,1,True,False,False,False,False,False,True,False,0.7486805730082935,0.30220128637750454
1,3,female,21.5,0,0,7.2292,1,1,1,True,False,False,False,False,False,True,False,0.2648906760492586,0.029032206504721002
1,3,female,21.5,0,0,7.75,1,1,1,False,True,False,False,True,False,False,False,0.2648906760492586,0.031123720523929036
1,1,female,24.0,0,0,69.3,1,1,1,True,False,False,False,False,False,True,False,0.2963056044232219,0.2783063009430041
1,1,male,25.0,1,0,55.4417,2,0,0,True,False,False,False,False,True,False,False,0.3088715757728072,0.22265186789309888
0,3,male,18.0,1,0,6.4958,2,0,0,False,False,True,False,False,True,False,False,0.22090977632570996,0.026086898552172676
0,3,male,19.0,0,0,8.05,1,1,0,False,False,True,False,False,True,False,False,0.23347574767529528,0.03232850970550048
0,1,male,22.0,0,0,135.6333,1,1,0,True,False,False,False,False,True,False,False,0.2711736617240513,0.5446984416694483
0,3,female,3.0,3,1,21.075,5,0,1,False,False,True,False,True,False,False,False,0.032420206081930136,0.08463644000539412
1,1,female,35.0,1,0,82.1708,2,0,1,True,False,False,False,False,False,True,False,0.43453128926866047,0.32999496960357005
1,3,female,22.0,0,0,7.25,1,1,1,False,False,True,False,True,False,False,False,0.2711736617240513,0.029115738554643292
0,1,male,27.0,0,2,211.5,3,0,0,True,False,False,False,False,True,False,False,0.33400351847197784,0.8493763730078698
0,3,male,20.0,0,0,4.0125,1,1,0,True,False,False,False,False,True,False,False,0.24604171902488062,0.016114055303518098
0,3,male,19.0,0,0,7.775,1,1,0,False,False,True,False,False,True,False,False,0.23347574767529528,0.031224119622393326
1,1,female,42.0,0,0,227.525,1,1,1,True,False,False,False,True,False,False,False,0.5224930887157577,0.9137321951234779
1,3,female,1.0,0,2,15.7417,3,0,1,True,False,False,False,True,False,False,False,0.007288263382759489,0.0632180995318108
0,3,male,32.0,0,0,7.925,1,1,0,False,False,True,False,False,True,False,False,0.39683337521990447,0.031826514213179044
1,1,female,35.0,1,0,52.0,2,0,1,False,False,True,False,False,False,True,False,0.43453128926866047,0.20883012480571742
0,3,male,25.0,0,0,7.8958,1,1,0,False,False,True,False,False,True,False,False,0.3088715757728072,0.031709248066172764
0,2,male,18.0,0,0,73.5,1,1,0,False,False,True,False,False,True,False,False,0.22090977632570996,0.2951733494850044
0,3,male,1.0,5,2,46.9,8,0,0,False,False,True,True,False,False,False,False,0.007288263382759489,0.1883487087190028
1,2,female,36.0,0,0,13.0,1,1,1,False,False,True,False,True,False,False,False,0.4470972606182458,0.052207531201429354
0,3,male,25.0,0,0,7.7292,1,1,0,False,True,False,False,False,True,False,False,0.3088715757728072,0.031040188474006747
1,2,female,17.0,0,0,12.0,1,1,1,True,False,False,False,True,False,False,False,0.20834380497612465,0.048191567262857865
1,1,male,36.0,1,2,120.0,4,0,0,False,False,True,False,False,True,False,False,0.4470972606182458,0.48191567262857865
1,3,male,21.0,0,0,7.7958,1,1,0,False,False,True,False,False,True,False,False,0.2586076903744659,0.03130765167231561
0,3,male,28.0,2,0,7.925,3,0,0,False,False,True,False,False,True,False,False,0.3465694898215632,0.031826514213179044
1,1,female,23.0,1,0,113.275,2,0,1,True,False,False,False,True,False,False,False,0.2837396330736366,0.4549083151416854
1,3,female,24.0,0,2,16.7,3,0,1,False,False,True,False,False,False,True,False,0.2963056044232219,0.06706659777414385
0,3,male,22.0,0,0,7.7958,1,1,0,False,False,True,False,False,True,False,False,0.2711736617240513,0.03130765167231561
0,3,female,31.0,0,0,7.8542,1,1,1,False,False,True,False,True,False,False,False,0.38426740387031916,0.031542183966328186
0,2,male,46.0,0,0,26.0,1,1,0,False,False,True,False,False,True,False,False,0.572756974114099,0.10441506240285871
0,2,male,23.0,0,0,10.5,1,1,0,False,False,True,False,False,False,False,True,0.2837396330736366,0.04216762135500063
1,2,female,28.0,0,0,12.65,1,1,1,False,False,True,False,False,False,True,False,0.3465694898215632,0.05080194382292933
1,3,male,39.0,0,0,7.925,1,1,0,False,False,True,False,False,True,False,False,0.4847951746670017,0.031826514213179044
0,3,male,26.0,0,0,8.05,1,1,0,False,False,True,False,False,True,False,False,0.32143754712239253,0.03232850970550048
0,3,female,21.0,1,0,9.825,2,0,1,False,False,True,False,True,False,False,False,0.2586076903744659,0.03945684569646487
0,3,male,28.0,1,0,15.85,2,0,0,False,False,True,False,False,True,False,False,0.3465694898215632,0.06365302842635809
0,3,female,20.0,0,0,8.6625,1,1,1,False,False,True,False,True,False,False,False,0.24604171902488062,0.034788287617875516
0,2,male,34.0,1,0,21.0,2,0,0,False,False,True,False,False,True,False,False,0.42196531791907516,0.08433524271000126
0,3,male,51.0,0,0,7.75,1,1,0,False,False,True,False,False,True,False,False,0.6355868308620256,0.031123720523929036
1,2,male,3.0,1,1,18.75,3,0,0,False,False,True,True,False,False,False,False,0.032420206081930136,0.07529932384821542
0,3,male,21.0,0,0,7.775,1,1,0,False,False,True,False,False,True,False,False,0.2586076903744659,0.031224119622393326
0,3,female,21.5,3,1,25.4667,5,0,1,False,False,True,False,True,False,False,False,0.2648906760492586,0.10227334883441852
0,3,male,25.0,0,0,7.8958,1,1,0,False,False,True,False,False,True,False,False,0.3088715757728072,0.031709248066172764
0,3,male,25.0,0,0,6.8583,1,1,0,False,True,False,False,False,True,False,False,0.3088715757728072,0.02754268547990484
1,1,female,33.0,1,0,90.0,2,0,1,False,True,False,False,True,False,False,False,0.4093993465694898,0.361436754471434
0,2,male,30.0,0,0,0.0,1,1,0,False,False,True,False,False,True,False,False,0.37170143252073384,0.0
1,3,male,44.0,0,0,7.925,1,1,0,False,False,True,False,False,True,False,False,0.5476250314149284,0.031826514213179044
0,3,female,21.5,0,0,8.05,1,1,1,False,False,True,False,False,False,True,False,0.2648906760492586,0.03232850970550048
1,2,female,34.0,1,1,32.5,3,0,1,False,False,True,False,False,False,True,False,0.42196531791907516,0.13051882800357337
1,2,female,18.0,0,2,13.0,3,0,1,False,False,True,False,True,False,False,False,0.22090977632570996,0.052207531201429354
0,2,male,30.0,0,0,13.0,1,1,0,False,False,True,False,False,True,False,False,0.37170143252073384,0.052207531201429354
0,3,female,10.0,0,2,24.15,3,0,1,False,False,True,False,True,False,False,False,0.12038200552902739,0.09698552911650145
0,3,male,25.0,0,0,7.8958,1,1,0,True,False,False,False,False,True,False,False,0.3088715757728072,0.031709248066172764
0,3,male,21.0,0,0,7.7333,1,1,0,False,True,False,False,False,True,False,False,0.2586076903744659,0.031056653926154892
0,3,male,29.0,0,0,7.875,1,1,0,False,False,True,False,False,True,False,False,0.35913546117114853,0.03162571601625047
0,3,female,28.0,1,1,14.4,3,0,1,False,False,True,False,False,False,True,False,0.3465694898215632,0.05782988071542944
0,3,male,18.0,1,1,20.2125,3,0,0,False,False,True,False,False,True,False,False,0.22090977632570996,0.08117267110837621
0,3,male,25.0,0,0,7.25,1,1,0,False,False,True,False,False,True,False,False,0.3088715757728072,0.029115738554643292
1,2,female,28.0,1,0,26.0,2,0,1,False,False,True,False,False,False,True,False,0.3465694898215632,0.10441506240285871
1,2,female,19.0,0,0,26.0,1,1,1,False,False,True,False,True,False,False,False,0.23347574767529528,0.10441506240285871
0,3,male,25.0,0,0,7.75,1,1,0,False,True,False,False,False,True,False,False,0.3088715757728072,0.031123720523929036
1,3,male,32.0,0,0,8.05,1,1,0,False,False,True,False,False,True,False,False,0.39683337521990447,0.03232850970550048
1,1,male,28.0,0,0,26.55,1,1,0,False,False,True,False,False,True,False,False,0.3465694898215632,0.10662384256907302
1,3,female,21.5,1,0,16.1,2,0,1,False,False,True,False,False,False,True,False,0.2648906760492586,0.06465701941100097
1,2,female,42.0,1,0,26.0,2,0,1,False,False,True,False,False,False,True,False,0.5224930887157577,0.10441506240285871
0,3,male,17.0,0,0,7.125,1,1,0,False,False,True,False,False,True,False,False,0.20834380497612465,0.028613743062321857
0,1,male,50.0,1,0,55.9,2,0,0,False,False,True,False,False,True,False,False,0.6230208595124404,0.2244923841661462
1,1,female,14.0,1,2,120.0,4,0,1,False,False,True,False,True,False,False,False,0.17064589092736868,0.48191567262857865
0,3,female,21.0,2,2,34.375,5,0,1,False,False,True,False,True,False,False,False,0.2586076903744659,0.13804876038839492
1,2,female,24.0,2,3,18.75,6,0,1,False,False,True,False,False,False,True,False,0.2963056044232219,0.07529932384821542
0,1,male,64.0,1,4,249.00622000000035,6,0,0,False,False,True,False,False,True,False,False,0.7989444584066349,1.0
0,2,male,31.0,0,0,10.5,1,1,0,False,False,True,False,False,True,False,False,0.38426740387031916,0.04216762135500063
1,2,female,45.0,1,1,26.25,3,0,1,False,False,True,False,False,False,True,False,0.5601910027645137,0.10541905338750157
0,3,male,20.0,0,0,9.5,1,1,0,False,False,True,False,False,True,False,False,0.24604171902488062,0.03815165741642914
0,3,male,25.0,1,0,7.775,2,0,0,False,False,True,False,False,True,False,False,0.3088715757728072,0.031224119622393326
1,2,female,28.0,0,0,13.0,1,1,1,False,False,True,False,True,False,False,False,0.3465694898215632,0.052207531201429354
1,3,male,25.0,0,0,8.1125,1,1,0,False,False,True,False,False,True,False,False,0.3088715757728072,0.0325795074516612
1,1,male,4.0,0,2,81.8583,3,0,0,False,False,True,True,False,False,False,False,0.04498617743151546,0.32873998087276646
1,2,female,13.0,0,1,19.5,2,0,1,False,False,True,False,True,False,False,False,0.15807991957778336,0.07831129680214403
1,1,male,34.0,0,0,26.55,1,1,0,False,False,True,False,False,True,False,False,0.42196531791907516,0.10662384256907302
1,3,female,5.0,2,1,19.2583,4,0,1,True,False,False,False,True,False,False,False,0.05755214878110078,0.0773406383181913
1,1,male,52.0,0,0,30.5,1,1,0,False,False,True,False,False,False,False,True,0.648152802211611,0.1224869001264304
0,2,male,36.0,1,2,27.75,4,0,0,False,False,True,False,False,True,False,False,0.4470972606182458,0.11144299929535881
0,3,male,25.0,1,0,19.9667,2,0,0,False,False,True,False,False,True,False,False,0.3088715757728072,0.08018554717227534
0,1,male,30.0,0,0,27.75,1,1,0,True,False,False,False,False,True,False,False,0.37170143252073384,0.11144299929535881
1,1,male,49.0,1,0,89.1042,2,0,0,True,False,False,False,False,True,False,False,0.610454888162855,0.3578392539752617
0,3,male,25.0,0,0,8.05,1,1,0,False,False,True,False,False,True,False,False,0.3088715757728072,0.03232850970550048
1,3,male,29.0,0,0,7.8958,1,1,0,True,False,False,False,False,True,False,False,0.35913546117114853,0.031709248066172764
0,1,male,65.0,0,0,26.55,1,1,0,False,False,True,False,False,True,False,False,0.8115104297562201,0.10662384256907302
1,1,female,35.0,1,0,51.8625,2,0,1,False,False,True,False,False,False,True,False,0.43453128926866047,0.20827792976416382
1,2,female,50.0,0,0,10.5,1,1,1,False,False,True,False,True,False,False,False,0.6230208595124404,0.04216762135500063
0,3,male,25.0,0,0,7.75,1,1,0,False,True,False,False,False,True,False,False,0.3088715757728072,0.031123720523929036
1,1,male,48.0,0,0,26.55,1,1,0,False,False,True,False,False,True,False,False,0.5978889168132696,0.10662384256907302
0,3,male,34.0,0,0,8.05,1,1,0,False,False,True,False,False,True,False,False,0.42196531791907516,0.03232850970550048
0,1,male,47.0,0,0,38.5,1,1,0,False,False,True,False,False,True,False,False,0.5853229454636844,0.1546146116350023
0,2,male,48.0,0,0,13.0,1,1,0,False,False,True,False,False,True,False,False,0.5978889168132696,0.052207531201429354
0,3,male,25.0,0,0,8.05,1,1,0,False,False,True,False,False,True,False,False,0.3088715757728072,0.03232850970550048
0,3,male,38.0,0,0,7.05,1,1,0,False,False,True,False,False,True,False,False,0.4722292033174164,0.028312545766928994
0,2,male,30.0,0,0,0.0,1,1,0,False,False,True,False,False,True,False,False,0.37170143252073384,0.0
0,1,male,56.0,0,0,26.55,1,1,0,False,False,True,False,False,True,False,False,0.6984166876099522,0.10662384256907302
0,3,male,25.0,0,0,7.725,1,1,0,False,True,False,False,False,True,False,False,0.3088715757728072,0.03102332142546475
1,3,female,0.75,2,1,19.2583,4,0,1,True,False,False,False,True,False,False,False,0.004146770545363157,0.0773406383181913
0,3,male,25.0,0,0,7.25,1,1,0,False,False,True,False,False,True,False,False,0.3088715757728072,0.029115738554643292
0,3,male,38.0,0,0,8.6625,1,1,0,False,False,True,False,False,True,False,False,0.4722292033174164,0.034788287617875516
1,2,female,33.0,1,2,27.75,4,0,1,False,False,True,False,False,False,True,False,0.4093993465694898,0.11144299929535881
1,2,female,23.0,0,0,13.7917,1,1,1,True,False,False,False,False,False,True,False,0.2837396330736366,0.0553869698515964
0,3,female,22.0,0,0,9.8375,1,1,1,False,False,True,False,True,False,False,False,0.2711736617240513,0.03950704524569702
0,1,male,40.0,0,0,52.0,1,1,0,False,False,True,False,False,True,False,False,0.4973611460165871,0.20883012480571742
0,2,male,34.0,1,0,21.0,2,0,0,False,False,True,False,False,True,False,False,0.42196531791907516,0.08433524271000126
0,3,male,29.0,1,0,7.0458,2,0,0,False,False,True,False,False,True,False,False,0.35913546117114853,0.028295678718386993
0,3,male,22.0,0,0,7.5208,1,1,0,False,False,True,False,False,True,False,False,0.2711736617240513,0.03020326158920845
1,3,female,2.0,0,1,12.2875,2,0,1,False,False,True,False,True,False,False,False,0.01985423473234481,0.04934615689519716
0,3,male,9.0,5,2,46.9,8,0,0,False,False,True,True,False,False,False,False,0.10781603417944208,0.1883487087190028
0,2,male,30.0,0,0,0.0,1,1,0,False,False,True,False,False,True,False,False,0.37170143252073384,0.0
0,3,male,50.0,0,0,8.05,1,1,0,False,False,True,False,False,True,False,False,0.6230208595124404,0.03232850970550048
1,3,female,63.0,0,0,9.5875,1,1,1,False,False,True,False,False,False,True,False,0.7863784870570495,0.038503054261054145
1,1,male,25.0,1,0,91.0792,2,0,0,True,False,False,False,False,True,False,False,0.3088715757728072,0.3657707827539403
0,3,female,21.5,3,1,25.4667,5,0,1,False,False,True,False,True,False,False,False,0.2648906760492586,0.10227334883441852
1,1,female,35.0,1,0,90.0,2,0,1,False,False,True,False,False,False,True,False,0.43453128926866047,0.361436754471434
0,1,male,58.0,0,0,29.7,1,1,0,True,False,False,False,False,True,False,False,0.7235486303091229,0.11927412897557321
0,3,male,30.0,0,0,8.05,1,1,0,False,False,True,False,False,True,False,False,0.37170143252073384,0.03232850970550048
1,3,male,9.0,1,1,15.9,3,0,0,False,False,True,True,False,False,False,False,0.10781603417944208,0.06385382662328667
0,3,male,25.0,1,0,19.9667,2,0,0,False,False,True,False,False,True,False,False,0.3088715757728072,0.08018554717227534
0,3,male,21.0,0,0,7.25,1,1,0,False,False,True,False,False,True,False,False,0.2586076903744659,0.029115738554643292
0,1,male,55.0,0,0,30.5,1,1,0,False,False,True,False,False,True,False,False,0.6858507162603669,0.1224869001264304
0,1,male,71.0,0,0,49.5042,1,1,0,True,False,False,False,False,True,False,False,0.8869062578537321,0.19880708200783068
0,3,male,21.0,0,0,8.05,1,1,0,False,False,True,False,False,True,False,False,0.2586076903744659,0.03232850970550048
0,3,male,25.0,0,0,14.4583,1,1,0,True,False,False,False,False,True,False,False,0.3088715757728072,0.05806401141304815
1,1,female,54.0,1,0,78.2667,2,0,1,True,False,False,False,True,False,False,False,0.6732847449107816,0.3143162447909931
0,3,male,25.0,0,0,15.1,1,1,0,False,False,True,False,False,True,False,False,0.3088715757728072,0.06064105547242948
0,1,female,25.0,1,2,151.55,4,0,1,False,False,True,False,False,False,True,False,0.3088715757728072,0.6086193348905091
0,3,male,24.0,0,0,7.7958,1,1,0,False,False,True,False,False,True,False,False,0.2963056044232219,0.03130765167231561
0,3,male,17.0,0,0,8.6625,1,1,0,False,False,True,False,False,True,False,False,0.20834380497612465,0.034788287617875516
0,3,female,21.0,0,0,7.75,1,1,1,False,True,False,False,True,False,False,False,0.2586076903744659,0.031123720523929036
0,3,female,21.5,0,0,7.6292,1,1,1,False,True,False,False,True,False,False,False,0.2648906760492586,0.0306385920801496
0,3,female,37.0,0,0,9.5875,1,1,1,False,False,True,False,True,False,False,False,0.4596632319678311,0.038503054261054145
1,1,female,16.0,0,0,86.5,1,1,1,False,False,True,False,True,False,False,False,0.19577783362653933,0.34738088068643375
0,1,male,18.0,1,0,108.9,2,0,0,True,False,False,False,False,True,False,False,0.22090977632570996,0.43733847291043515
1,2,female,33.0,0,2,26.0,3,0,1,False,False,True,False,False,False,True,False,0.4093993465694898,0.10441506240285871
1,1,male,40.0,0,0,26.55,1,1,0,False,False,True,False,False,True,False,False,0.4973611460165871,0.10662384256907302
0,3,male,28.0,0,0,22.525,1,1,0,False,False,True,False,False,True,False,False,0.3465694898215632,0.09045958771632277
1,3,male,26.0,0,0,56.4958,1,1,0,False,False,True,False,False,True,False,False,0.32143754712239253,0.22688509548074712
1,3,male,29.0,0,0,7.75,1,1,0,False,True,False,False,False,True,False,False,0.35913546117114853,0.031123720523929036
0,3,male,25.0,0,0,8.05,1,1,0,False,False,True,False,False,True,False,False,0.3088715757728072,0.03232850970550048
1,1,male,36.0,0,0,26.2875,1,1,0,False,False,True,False,False,True,False,False,0.4470972606182458,0.10556965203519801
1,1,female,54.0,1,0,59.4,2,0,1,True,False,False,False,False,False,True,False,0.6732847449107816,0.23854825795114643
0,3,male,24.0,0,0,7.4958,1,1,0,False,False,True,False,False,True,False,False,0.2963056044232219,0.030102862490744165
0,1,male,47.0,0,0,34.0208,1,1,0,False,False,True,False,False,True,False,False,0.5853229454636844,0.13662630596135292
1,2,female,34.0,0,0,10.5,1,1,1,False,False,True,False,False,False,True,False,0.42196531791907516,0.04216762135500063
0,3,male,25.0,0,0,24.15,1,1,0,False,True,False,False,False,True,False,False,0.3088715757728072,0.09698552911650145
1,2,female,36.0,1,0,26.0,2,0,1,False,False,True,False,False,False,True,False,0.4470972606182458,0.10441506240285871
0,3,male,32.0,0,0,7.8958,1,1,0,False,False,True,False,False,True,False,False,0.39683337521990447,0.031709248066172764
1,1,female,30.0,0,0,93.5,1,1,1,False,False,True,False,True,False,False,False,0.37170143252073384,0.3754926282564342
0,3,male,22.0,0,0,7.8958,1,1,0,False,False,True,False,False,True,False,False,0.2711736617240513,0.031709248066172764
0,3,male,25.0,0,0,7.225,1,1,0,True,False,False,False,False,True,False,False,0.3088715757728072,0.029015339456179005
1,1,female,44.0,0,1,57.9792,2,0,1,True,False,False,False,False,False,True,False,0.5476250314149284,0.23284237638722405
0,3,male,25.0,0,0,7.2292,1,1,0,True,False,False,False,False,True,False,False,0.3088715757728072,0.029032206504721002
0,3,male,40.5,0,0,7.75,1,1,0,False,True,False,False,False,True,False,False,0.5036441316913798,0.031123720523929036
1,2,female,50.0,0,0,10.5,1,1,1,False,False,True,False,True,False,False,False,0.6230208595124404,0.04216762135500063
0,1,male,40.0,0,0,221.7792,1,1,0,False,False,True,False,False,True,False,False,0.4973611460165871,0.8906572695252339
0,3,male,39.0,0,0,7.925,1,1,0,False,False,True,False,False,True,False,False,0.4847951746670017,0.031826514213179044
0,2,male,23.0,2,1,11.5,4,0,0,False,False,True,False,False,True,False,False,0.2837396330736366,0.04618358529357212
1,2,female,2.0,1,1,26.0,3,0,1,False,False,True,False,True,False,False,False,0.01985423473234481,0.10441506240285871
0,3,male,25.0,0,0,7.2292,1,1,0,True,False,False,False,False,True,False,False,0.3088715757728072,0.029032206504721002
0,3,male,17.0,1,1,7.2292,3,0,0,True,False,False,False,False,True,False,False,0.20834380497612465,0.029032206504721002
1,3,female,21.5,0,2,22.3583,3,0,1,True,False,False,False,False,False,True,False,0.2648906760492586,0.08979012652776291
0,3,female,30.0,0,0,8.6625,1,1,1,False,False,True,False,True,False,False,False,0.37170143252073384,0.034788287617875516
1,2,female,7.0,0,2,26.25,3,0,1,False,False,True,False,True,False,False,False,0.08268409148027142,0.10541905338750157
0,1,male,45.0,0,0,26.55,1,1,0,False,False,True,False,False,False,False,True,0.5601910027645137,0.10662384256907302
1,1,female,30.0,0,0,106.425,1,1,1,True,False,False,False,True,False,False,False,0.37170143252073384,0.42739896216247064
0,3,male,25.0,0,0,14.5,1,1,0,False,False,True,False,False,True,False,False,0.3088715757728072,0.058231477109286583
1,1,female,22.0,0,2,49.5,3,0,1,True,False,False,False,True,False,False,False,0.2711736617240513,0.1987902149592887
1,1,female,36.0,0,2,71.0,3,0,1,False,False,True,False,True,False,False,False,0.4470972606182458,0.2851334396385757
0,3,female,9.0,4,2,31.275,7,0,1,False,False,True,False,True,False,False,False,0.10781603417944208,0.1255992721788233
0,3,female,11.0,4,2,31.275,7,0,1,False,False,True,False,True,False,False,False,0.13294797687861273,0.1255992721788233
1,2,male,32.0,1,0,26.0,2,0,0,False,False,True,False,False,True,False,False,0.39683337521990447,0.10441506240285871
0,1,male,50.0,1,0,106.425,2,0,0,True,False,False,False,False,True,False,False,0.6230208595124404,0.42739896216247064
0,1,male,64.0,0,0,26.0,1,1,0,False,False,True,False,False,True,False,False,0.7989444584066349,0.10441506240285871
1,2,female,19.0,1,0,26.0,2,0,1,False,False,True,False,False,False,True,False,0.23347574767529528,0.10441506240285871
1,2,male,30.0,0,0,13.8625,1,1,0,True,False,False,False,False,True,False,False,0.37170143252073384,0.055671300098447264
0,3,male,33.0,1,1,20.525,3,0,0,False,False,True,False,False,True,False,False,0.4093993465694898,0.0824276598391798
1,2,male,8.0,1,1,36.75,3,0,0,False,False,True,True,False,False,False,False,0.09525006282985675,0.1475866747425022
1,1,male,17.0,0,2,110.8833,3,0,0,True,False,False,False,False,True,False,False,0.20834380497612465,0.44530333418980395
0,2,male,27.0,0,0,26.0,1,1,0,False,False,True,False,False,True,False,False,0.33400351847197784,0.10441506240285871
0,3,male,25.0,0,0,7.8292,1,1,0,False,True,False,False,False,True,False,False,0.3088715757728072,0.0314417848678639
1,3,male,22.0,0,0,7.225,1,1,0,True,False,False,False,False,True,False,False,0.2711736617240513,0.029015339456179005
1,3,female,22.0,0,0,7.775,1,1,1,False,False,True,False,True,False,False,False,0.2711736617240513,0.031224119622393326
0,1,male,62.0,0,0,26.55,1,1,0,False,False,True,False,False,True,False,False,0.7738125157074642,0.10662384256907302
1,1,female,48.0,1,0,39.6,2,0,1,True,False,False,False,False,False,False,True,0.5978889168132696,0.15903217196743094
0,1,male,40.0,0,0,227.525,1,1,0,True,False,False,False,False,True,False,False,0.4973611460165871,0.9137321951234779
1,1,female,39.0,1,1,79.65,3,0,1,False,False,True,False,False,False,True,False,0.4847951746670017,0.3198715277072191
1,3,female,36.0,1,0,17.4,2,0,1,False,False,True,False,False,False,True,False,0.4470972606182458,0.0698777725311439
0,3,male,25.0,0,0,7.75,1,1,0,False,True,False,False,False,True,False,False,0.3088715757728072,0.031123720523929036
0,3,male,40.0,0,0,7.8958,1,1,0,False,False,True,False,False,True,False,False,0.4973611460165871,0.031709248066172764
0,2,male,28.0,0,0,13.5,1,1,0,False,False,True,False,False,True,False,False,0.3465694898215632,0.054215513170715095
0,3,male,25.0,0,0,8.05,1,1,0,False,False,True,False,False,True,False,False,0.3088715757728072,0.03232850970550048
0,3,female,21.5,0,0,8.05,1,1,1,False,False,True,False,True,False,False,False,0.2648906760492586,0.03232850970550048
0,3,male,24.0,2,0,24.15,3,0,0,False,False,True,False,False,True,False,False,0.2963056044232219,0.09698552911650145
0,3,male,19.0,0,0,7.8958,1,1,0,False,False,True,False,False,True,False,False,0.23347574767529528,0.031709248066172764
0,3,female,29.0,0,4,21.075,5,0,1,False,False,True,False,False,False,True,False,0.35913546117114853,0.08463644000539412
0,3,male,25.0,0,0,7.2292,1,1,0,True,False,False,False,False,True,False,False,0.3088715757728072,0.029032206504721002
1,3,male,32.0,0,0,7.8542,1,1,0,False,False,True,False,False,True,False,False,0.39683337521990447,0.031542183966328186
1,2,male,62.0,0,0,10.5,1,1,0,False,False,True,False,False,True,False,False,0.7738125157074642,0.04216762135500063
1,1,female,53.0,2,0,51.4792,3,0,1,False,False,True,False,False,False,True,False,0.6607187735611962,0.20673861078650937
1,1,male,36.0,0,0,26.3875,1,1,0,False,False,True,False,False,True,False,False,0.4470972606182458,0.10597124842905516
1,3,female,21.5,0,0,7.75,1,1,1,False,True,False,False,True,False,False,False,0.2648906760492586,0.031123720523929036
0,3,male,16.0,0,0,8.05,1,1,0,False,False,True,False,False,True,False,False,0.19577783362653933,0.03232850970550048
0,3,male,19.0,0,0,14.5,1,1,0,False,False,True,False,False,True,False,False,0.23347574767529528,0.058231477109286583
1,2,female,34.0,0,0,13.0,1,1,1,False,False,True,False,True,False,False,False,0.42196531791907516,0.052207531201429354
1,1,female,39.0,1,0,55.9,2,0,1,False,False,True,False,False,False,True,False,0.4847951746670017,0.2244923841661462
0,3,female,21.5,1,0,14.4583,2,0,1,True,False,False,False,False,False,True,False,0.2648906760492586,0.05806401141304815
1,3,male,32.0,0,0,7.925,1,1,0,False,False,True,False,False,True,False,False,0.39683337521990447,0.031826514213179044
1,2,female,25.0,1,1,30.0,3,0,1,False,False,True,False,True,False,False,False,0.3088715757728072,0.12047891815714466
1,1,female,39.0,1,1,110.8833,3,0,1,True,False,False,False,False,False,True,False,0.4847951746670017,0.44530333418980395
0,2,male,54.0,0,0,26.0,1,1,0,False,False,True,False,False,True,False,False,0.6732847449107816,0.10441506240285871
0,1,male,36.0,0,0,40.125,1,1,0,True,False,False,False,False,True,False,False,0.4470972606182458,0.161140553035181
0,3,male,25.0,0,0,8.7125,1,1,0,True,False,False,False,False,True,False,False,0.3088715757728072,0.034989085814804095
1,1,female,18.0,0,2,79.65,3,0,1,False,False,True,False,True,False,False,False,0.22090977632570996,0.3198715277072191
0,2,male,47.0,0,0,15.0,1,1,0,False,False,True,False,False,True,False,False,0.5853229454636844,0.06023945907857233
1,1,male,60.0,1,1,79.2,3,0,0,True,False,False,False,False,True,False,False,0.7486805730082935,0.3180643439348619
0,3,male,22.0,0,0,8.05,1,1,0,False,False,True,False,False,True,False,False,0.2711736617240513,0.03232850970550048
0,3,male,25.0,0,0,8.05,1,1,0,False,False,True,False,False,True,False,False,0.3088715757728072,0.03232850970550048
0,3,male,35.0,0,0,7.125,1,1,0,False,False,True,False,False,True,False,False,0.43453128926866047,0.028613743062321857
1,1,female,52.0,1,0,78.2667,2,0,1,True,False,False,False,False,False,True,False,0.648152802211611,0.3143162447909931
0,3,male,47.0,0,0,7.25,1,1,0,False,False,True,False,False,True,False,False,0.5853229454636844,0.029115738554643292
0,3,female,21.5,0,2,7.75,3,0,1,False,True,False,False,True,False,False,False,0.2648906760492586,0.031123720523929036
0,2,male,37.0,1,0,26.0,2,0,0,False,False,True,False,False,True,False,False,0.4596632319678311,0.10441506240285871
0,3,male,36.0,1,1,24.15,3,0,0,False,False,True,False,False,True,False,False,0.4470972606182458,0.09698552911650145
1,2,female,28.0,0,0,33.0,1,1,1,False,False,True,False,True,False,False,False,0.3465694898215632,0.13252680997285912
0,3,male,49.0,0,0,0.0,1,1,0,False,False,True,False,False,True,False,False,0.610454888162855,0.0
0,3,male,25.0,0,0,7.225,1,1,0,True,False,False,False,False,True,False,False,0.3088715757728072,0.029015339456179005
1,1,male,49.0,1,0,56.9292,2,0,0,True,False,False,False,False,False,False,True,0.610454888162855,0.228625614251724
1,2,female,24.0,2,1,27.0,4,0,1,False,False,True,False,False,False,True,False,0.2963056044232219,0.10843102634143019
0,3,male,25.0,0,0,7.8958,1,1,0,False,False,True,False,False,True,False,False,0.3088715757728072,0.031709248066172764
0,1,male,40.0,0,0,42.4,1,1,0,False,False,True,False,False,True,False,False,0.4973611460165871,0.17027687099543112
0,3,male,44.0,0,0,8.05,1,1,0,False,False,True,False,False,True,False,False,0.5476250314149284,0.03232850970550048
1,1,male,35.0,0,0,26.55,1,1,0,True,False,False,False,False,True,False,False,0.43453128926866047,0.10662384256907302
0,3,male,36.0,1,0,15.55,2,0,0,False,False,True,False,False,True,False,False,0.4470972606182458,0.06244823924478665
0,3,male,30.0,0,0,7.8958,1,1,0,False,False,True,False,False,True,False,False,0.37170143252073384,0.031709248066172764
1,1,male,27.0,0,0,30.5,1,1,0,False,False,True,False,False,True,False,False,0.33400351847197784,0.1224869001264304
1,2,female,22.0,1,2,41.5792,4,0,1,True,False,False,False,False,False,True,False,0.2711736617240513,0.16698056779465165
1,1,female,40.0,0,0,153.4625,1,1,1,False,False,True,False,True,False,False,False,0.4973611460165871,0.6162998659230271
0,3,female,39.0,1,5,31.275,7,0,1,False,False,True,False,False,False,True,False,0.4847951746670017,0.1255992721788233
0,3,male,25.0,0,0,7.05,1,1,0,False,False,True,False,False,True,False,False,0.3088715757728072,0.028312545766928994
1,3,female,21.5,1,0,15.5,2,0,1,False,True,False,False,True,False,False,False,0.2648906760492586,0.06224744104785807
0,3,male,25.0,0,0,7.75,1,1,0,False,True,False,False,False,True,False,False,0.3088715757728072,0.031123720523929036
0,3,male,35.0,0,0,8.05,1,1,0,False,False,True,False,False,True,False,False,0.43453128926866047,0.03232850970550048
1,2,female,24.0,1,2,65.0,4,0,1,False,False,True,False,True,False,False,False,0.2963056044232219,0.26103765600714673
0,3,male,34.0,1,1,14.4,3,0,0,False,False,True,False,False,True,False,False,0.42196531791907516,0.05782988071542944
0,3,female,26.0,1,0,16.1,2,0,1,False,False,True,False,False,False,True,False,0.32143754712239253,0.06465701941100097
1,2,female,4.0,2,1,39.0,4,0,1,False,False,True,False,True,False,False,False,0.04498617743151546,0.15662259360428807
0,2,male,26.0,0,0,10.5,1,1,0,False,False,True,False,False,True,False,False,0.32143754712239253,0.04216762135500063
0,3,male,27.0,1,0,14.4542,2,0,0,True,False,False,False,False,True,False,False,0.33400351847197784,0.05804754596090001
1,1,male,42.0,1,0,52.5542,2,0,0,False,False,True,False,False,True,False,False,0.5224930887157577,0.21105577202047374
1,3,male,20.0,1,1,15.7417,3,0,0,True,False,False,False,False,True,False,False,0.24604171902488062,0.0632180995318108
0,3,male,21.0,0,0,7.8542,1,1,0,False,False,True,False,False,True,False,False,0.2586076903744659,0.031542183966328186
0,3,male,21.0,0,0,16.1,1,1,0,False,False,True,False,False,True,False,False,0.2586076903744659,0.06465701941100097
0,1,male,61.0,0,0,32.3208,1,1,0,False,False,True,False,False,True,False,False,0.7612465443578789,0.12979916726578136
0,2,male,57.0,0,0,12.35,1,1,0,False,True,False,False,False,False,False,True,0.7109826589595376,0.04959715464135788
1,1,female,21.0,0,0,77.9583,1,1,1,False,False,True,False,True,False,False,False,0.2586076903744659,0.31307772151233765
0,3,male,26.0,0,0,7.8958,1,1,0,False,False,True,False,False,True,False,False,0.32143754712239253,0.031709248066172764
0,3,male,25.0,0,0,7.7333,1,1,0,False,True,False,False,False,True,False,False,0.3088715757728072,0.031056653926154892
1,1,male,80.0,0,0,30.0,1,1,0,False,False,True,False,False,True,False,False,1.0,0.12047891815714466
0,3,male,51.0,0,0,7.0542,1,1,0,False,False,True,False,False,True,False,False,0.6355868308620256,0.028329412815470995
1,1,male,32.0,0,0,30.5,1,1,0,True,False,False,False,False,False,False,True,0.39683337521990447,0.1224869001264304
0,1,male,40.0,0,0,0.0,1,1,0,False,False,True,False,False,True,False,False,0.4973611460165871,0.0
0,3,female,9.0,3,2,27.9,6,0,1,False,False,True,False,True,False,False,False,0.10781603417944208,0.11204539388614453
1,2,female,28.0,0,0,13.0,1,1,1,False,False,True,False,True,False,False,False,0.3465694898215632,0.052207531201429354
0,3,male,32.0,0,0,7.925,1,1,0,False,False,True,False,False,True,False,False,0.39683337521990447,0.031826514213179044
0,2,male,31.0,1,1,26.25,3,0,0,False,False,True,False,False,True,False,False,0.38426740387031916,0.10541905338750157
0,3,female,41.0,0,5,39.6875,6,0,1,False,False,True,False,False,False,True,False,0.5099271173661724,0.15938356881205595
0,3,male,25.0,1,0,16.1,2,0,0,False,False,True,False,False,True,False,False,0.3088715757728072,0.06465701941100097
0,3,male,20.0,0,0,7.8542,1,1,0,False,False,True,False,False,True,False,False,0.24604171902488062,0.031542183966328186
1,1,female,24.0,0,0,69.3,1,1,1,True,False,False,False,True,False,False,False,0.2963056044232219,0.2783063009430041
0,3,female,2.0,3,2,27.9,6,0,1,False,False,True,False,True,False,False,False,0.01985423473234481,0.11204539388614453
1,3,male,25.0,0,0,56.4958,1,1,0,False,False,True,False,False,True,False,False,0.3088715757728072,0.22688509548074712
1,3,female,0.75,2,1,19.2583,4,0,1,True,False,False,False,True,False,False,False,0.004146770545363157,0.0773406383181913
1,1,male,48.0,1,0,76.7292,2,0,0,True,False,False,False,False,True,False,False,0.5978889168132696,0.30814170023543946
0,3,male,19.0,0,0,7.8958,1,1,0,False,False,True,False,False,True,False,False,0.23347574767529528,0.031709248066172764
1,1,male,56.0,0,0,35.5,1,1,0,True,False,False,False,False,False,False,True,0.6984166876099522,0.14256671981928784
0,3,male,25.0,0,0,7.55,1,1,0,False,False,True,False,False,True,False,False,0.3088715757728072,0.03032052773621474
1,3,female,23.0,0,0,7.55,1,1,1,False,False,True,False,True,False,False,False,0.2837396330736366,0.03032052773621474
0,3,male,25.0,0,0,7.8958,1,1,0,False,False,True,False,False,True,False,False,0.3088715757728072,0.031709248066172764
1,2,female,18.0,0,1,23.0,2,0,1,False,False,True,False,True,False,False,False,0.22090977632570996,0.09236717058714423
0,3,male,21.0,0,0,8.4333,1,1,0,False,False,True,False,False,True,False,False,0.2586076903744659,0.03386782868315493
1,3,female,21.5,0,0,7.8292,1,1,1,False,True,False,False,True,False,False,False,0.2648906760492586,0.0314417848678639
0,3,female,18.0,0,0,6.75,1,1,1,False,True,False,False,True,False,False,False,0.22090977632570996,0.027107756585357547
0,2,male,24.0,2,0,73.5,3,0,0,False,False,True,False,False,True,False,False,0.2963056044232219,0.2951733494850044
0,3,male,25.0,0,0,7.8958,1,1,0,False,False,True,False,False,True,False,False,0.3088715757728072,0.031709248066172764
0,3,female,32.0,1,1,15.5,3,0,1,False,True,False,False,False,False,True,False,0.39683337521990447,0.06224744104785807
0,2,male,23.0,0,0,13.0,1,1,0,False,False,True,False,False,True,False,False,0.2837396330736366,0.052207531201429354
0,1,male,58.0,0,2,113.275,3,0,0,True,False,False,False,False,True,False,False,0.7235486303091229,0.4549083151416854
1,1,male,50.0,2,0,133.65,3,0,0,False,False,True,False,False,False,False,True,0.6230208595124404,0.5367335803900795
0,3,male,40.0,0,0,7.225,1,1,0,True,False,False,False,False,True,False,False,0.4973611460165871,0.029015339456179005
0,1,male,47.0,0,0,25.5875,1,1,0,False,False,True,False,False,True,False,False,0.5853229454636844,0.10275847727819797
0,3,male,36.0,0,0,7.4958,1,1,0,False,False,True,False,False,True,False,False,0.4470972606182458,0.030102862490744165
1,3,male,20.0,1,0,7.925,2,0,0,False,False,True,False,False,True,False,False,0.24604171902488062,0.031826514213179044
0,2,male,32.0,2,0,73.5,3,0,0,False,False,True,False,False,True,False,False,0.39683337521990447,0.2951733494850044
0,2,male,25.0,0,0,13.0,1,1,0,False,False,True,False,False,True,False,False,0.3088715757728072,0.052207531201429354
0,3,male,25.0,0,0,7.775,1,1,0,False,False,True,False,False,True,False,False,0.3088715757728072,0.031224119622393326
0,3,male,43.0,0,0,8.05,1,1,0,False,False,True,False,False,True,False,False,0.5350590600653431,0.03232850970550048
1,1,female,35.0,1,0,52.0,2,0,1,False,False,True,False,False,False,True,False,0.43453128926866047,0.20883012480571742
1,2,female,40.0,1,1,39.0,3,0,1,False,False,True,False,False,False,True,False,0.4973611460165871,0.15662259360428807
0,1,male,31.0,1,0,52.0,2,0,0,False,False,True,False,False,True,False,False,0.38426740387031916,0.20883012480571742
0,2,male,70.0,0,0,10.5,1,1,0,False,False,True,False,False,True,False,False,0.8743402865041467,0.04216762135500063
1,2,male,31.0,0,0,13.0,1,1,0,False,False,True,False,False,True,False,False,0.38426740387031916,0.052207531201429354
0,2,male,30.0,0,0,0.0,1,1,0,False,False,True,False,False,True,False,False,0.37170143252073384,0.0
0,3,male,18.0,0,0,7.775,1,1,0,False,False,True,False,False,True,False,False,0.22090977632570996,0.031224119622393326
0,3,male,24.5,0,0,8.05,1,1,0,False,False,True,False,False,True,False,False,0.3025885900980146,0.03232850970550048
1,3,female,18.0,0,0,9.8417,1,1,1,False,False,True,False,True,False,False,False,0.22090977632570996,0.039523912294239016
0,3,female,43.0,1,6,46.9,8,0,1,False,False,True,False,False,False,True,False,0.5350590600653431,0.1883487087190028
1,1,male,36.0,0,1,249.00622000000035,2,0,0,True,False,False,False,False,True,False,False,0.4470972606182458,1.0
0,3,female,21.5,0,0,8.1375,1,1,1,False,True,False,False,True,False,False,False,0.2648906760492586,0.03267990655012549
1,1,male,27.0,0,0,76.7292,1,1,0,True,False,False,False,False,True,False,False,0.33400351847197784,0.30814170023543946
0,3,male,20.0,0,0,9.225,1,1,0,False,False,True,False,False,True,False,False,0.24604171902488062,0.03704726733332198
0,3,male,14.0,5,2,46.9,8,0,0,False,False,True,False,False,True,False,False,0.17064589092736868,0.1883487087190028
0,2,male,60.0,1,1,39.0,3,0,0,False,False,True,False,False,True,False,False,0.7486805730082935,0.15662259360428807
0,2,male,25.0,1,2,41.5792,4,0,0,True,False,False,False,False,True,False,False,0.3088715757728072,0.16698056779465165
0,3,male,14.0,4,1,39.6875,6,0,0,False,False,True,False,False,True,False,False,0.17064589092736868,0.15938356881205595
0,3,male,19.0,0,0,10.1708,1,1,0,False,False,True,False,False,True,False,False,0.23347574767529528,0.0408455660264229
0,3,male,18.0,0,0,7.7958,1,1,0,False,False,True,False,False,True,False,False,0.22090977632570996,0.03130765167231561
1,1,female,15.0,0,1,211.3375,2,0,1,False,False,True,False,True,False,False,False,0.18321186227695402,0.848723778867852
1,1,male,31.0,1,0,57.0,2,0,0,False,False,True,False,False,True,False,False,0.38426740387031916,0.22890994449857485
1,3,female,4.0,0,1,13.4167,2,0,1,True,False,False,False,True,False,False,False,0.04498617743151546,0.053880983374632097
1,3,male,25.0,0,0,56.4958,1,1,0,False,False,True,False,False,True,False,False,0.3088715757728072,0.22688509548074712
0,3,male,25.0,0,0,7.225,1,1,0,True,False,False,False,False,True,False,False,0.3088715757728072,0.029015339456179005
0,1,male,60.0,0,0,26.55,1,1,0,False,False,True,False,False,False,False,True,0.7486805730082935,0.10662384256907302
0,2,male,52.0,0,0,13.5,1,1,0,False,False,True,False,False,True,False,False,0.648152802211611,0.054215513170715095
0,3,male,44.0,0,0,8.05,1,1,0,False,False,True,False,False,True,False,False,0.5476250314149284,0.03232850970550048
1,3,female,21.5,0,0,7.7333,1,1,1,False,True,False,False,True,False,False,False,0.2648906760492586,0.031056653926154892
0,1,male,49.0,1,1,110.8833,3,0,0,True,False,False,False,False,True,False,False,0.610454888162855,0.44530333418980395
0,3,male,42.0,0,0,7.65,1,1,0,False,False,True,False,False,True,False,False,0.5224930887157577,0.03072212413007189
1,1,female,18.0,1,0,227.525,2,0,1,True,False,False,False,False,False,True,False,0.22090977632570996,0.9137321951234779
1,1,male,35.0,0,0,26.2875,1,1,0,False,False,True,False,False,True,False,False,0.43453128926866047,0.10556965203519801
0,3,female,18.0,0,1,14.4542,2,0,1,True,False,False,False,True,False,False,False,0.22090977632570996,0.05804754596090001
0,3,male,25.0,0,0,7.7417,1,1,0,False,True,False,False,False,True,False,False,0.3088715757728072,0.031090388023238894
0,3,male,26.0,1,0,7.8542,2,0,0,False,False,True,False,False,True,False,False,0.32143754712239253,0.031542183966328186
0,2,male,39.0,0,0,26.0,1,1,0,False,False,True,False,False,True,False,False,0.4847951746670017,0.10441506240285871
1,2,female,45.0,0,0,13.5,1,1,1,False,False,True,False,False,False,True,False,0.5601910027645137,0.054215513170715095
1,1,male,42.0,0,0,26.2875,1,1,0,False,False,True,False,False,True,False,False,0.5224930887157577,0.10556965203519801
1,1,female,22.0,0,0,151.55,1,1,1,False,False,True,False,True,False,False,False,0.2711736617240513,0.6086193348905091
1,3,male,25.0,1,1,15.2458,3,0,0,True,False,False,True,False,False,False,False,0.3088715757728072,0.061226583014673194
1,1,female,24.0,0,0,49.5042,1,1,1,True,False,False,False,True,False,False,False,0.2963056044232219,0.19880708200783068
0,1,male,40.0,0,0,26.55,1,1,0,False,False,True,False,False,True,False,False,0.4973611460165871,0.10662384256907302
1,1,male,48.0,1,0,52.0,2,0,0,False,False,True,False,False,True,False,False,0.5978889168132696,0.20883012480571742
0,3,male,29.0,0,0,9.4833,1,1,0,False,False,True,False,False,True,False,False,0.35913546117114853,0.038084590818655
0,2,male,52.0,0,0,13.0,1,1,0,False,False,True,False,False,True,False,False,0.648152802211611,0.052207531201429354
0,3,male,19.0,0,0,7.65,1,1,0,False,False,True,False,False,True,False,False,0.23347574767529528,0.03072212413007189
1,1,female,38.0,0,0,227.525,1,1,1,True,False,False,False,True,False,False,False,0.4722292033174164,0.9137321951234779
1,2,female,27.0,0,0,10.5,1,1,1,False,False,True,False,True,False,False,False,0.33400351847197784,0.04216762135500063
0,3,male,25.0,0,0,15.5,1,1,0,False,True,False,False,False,True,False,False,0.3088715757728072,0.06224744104785807
0,3,male,33.0,0,0,7.775,1,1,0,False,False,True,False,False,True,False,False,0.4093993465694898,0.031224119622393326
1,2,female,6.0,0,1,33.0,2,0,1,False,False,True,False,True,False,False,False,0.0701181201306861,0.13252680997285912
0,3,male,17.0,1,0,7.0542,2,0,0,False,False,True,False,False,True,False,False,0.20834380497612465,0.028329412815470995
0,2,male,34.0,0,0,13.0,1,1,0,False,False,True,False,False,True,False,False,0.42196531791907516,0.052207531201429354
0,2,male,50.0,0,0,13.0,1,1,0,False,False,True,False,False,True,False,False,0.6230208595124404,0.052207531201429354
1,1,male,27.0,1,0,53.1,2,0,0,False,False,True,False,False,True,False,False,0.33400351847197784,0.21324768513814604
0,3,male,20.0,0,0,8.6625,1,1,0,False,False,True,False,False,True,False,False,0.24604171902488062,0.034788287617875516
1,2,female,30.0,3,0,21.0,4,0,1,False,False,True,False,False,False,True,False,0.37170143252073384,0.08433524271000126
1,3,female,21.5,0,0,7.7375,1,1,1,False,True,False,False,True,False,False,False,0.2648906760492586,0.031073520974696893
0,2,male,25.0,1,0,26.0,2,0,0,False,False,True,False,False,True,False,False,0.3088715757728072,0.10441506240285871
0,3,female,25.0,1,0,7.925,2,0,1,False,False,True,False,True,False,False,False,0.3088715757728072,0.031826514213179044
1,1,female,29.0,0,0,211.3375,1,1,1,False,False,True,False,True,False,False,False,0.35913546117114853,0.848723778867852
0,3,male,11.0,0,0,18.7875,1,1,0,True,False,False,False,False,True,False,False,0.13294797687861273,0.07544992249591184
0,2,male,30.0,0,0,0.0,1,1,0,False,False,True,False,False,True,False,False,0.37170143252073384,0.0
0,2,male,23.0,0,0,13.0,1,1,0,False,False,True,False,False,True,False,False,0.2837396330736366,0.052207531201429354
0,2,male,23.0,0,0,13.0,1,1,0,False,False,True,False,False,True,False,False,0.2837396330736366,0.052207531201429354
0,3,male,28.5,0,0,16.1,1,1,0,False,False,True,False,False,True,False,False,0.35285247549635584,0.06465701941100097
0,3,female,48.0,1,3,34.375,5,0,1,False,False,True,False,False,False,True,False,0.5978889168132696,0.13804876038839492
1,1,male,35.0,0,0,249.00622000000035,1,1,0,True,False,False,False,False,True,False,False,0.43453128926866047,1.0
0,3,male,25.0,0,0,7.8958,1,1,0,False,False,True,False,False,True,False,False,0.3088715757728072,0.031709248066172764
0,3,male,25.0,0,0,7.8958,1,1,0,False,False,True,False,False,True,False,False,0.3088715757728072,0.031709248066172764
1,1,male,40.0,0,0,30.0,1,1,0,False,False,True,False,False,True,False,False,0.4973611460165871,0.12047891815714466
0,1,male,36.0,1,0,78.85,2,0,0,False,False,True,False,False,True,False,False,0.4470972606182458,0.31665875655636183
1,1,female,21.0,2,2,249.00622000000035,5,0,1,True,False,False,False,True,False,False,False,0.2586076903744659,1.0
0,3,male,24.0,1,0,16.1,2,0,0,False,False,True,False,False,True,False,False,0.2963056044232219,0.06465701941100097
1,3,male,31.0,0,0,7.925,1,1,0,False,False,True,False,False,True,False,False,0.38426740387031916,0.031826514213179044
0,1,male,70.0,1,1,71.0,3,0,0,False,False,True,False,False,False,False,True,0.8743402865041467,0.2851334396385757
0,3,male,16.0,1,1,20.25,3,0,0,False,False,True,False,False,True,False,False,0.19577783362653933,0.08132326975607264
1,2,female,30.0,0,0,13.0,1,1,1,False,False,True,False,True,False,False,False,0.37170143252073384,0.052207531201429354
0,1,male,19.0,1,0,53.1,2,0,0,False,False,True,False,False,True,False,False,0.23347574767529528,0.21324768513814604
0,3,male,31.0,0,0,7.75,1,1,0,False,True,False,False,False,True,False,False,0.38426740387031916,0.031123720523929036
1,2,female,4.0,1,1,23.0,3,0,1,False,False,True,False,True,False,False,False,0.04498617743151546,0.09236717058714423
1,3,male,6.0,0,1,12.475,2,0,0,False,False,True,True,False,False,False,False,0.0701181201306861,0.05009915013367932
0,3,male,33.0,0,0,9.5,1,1,0,False,False,True,False,False,True,False,False,0.4093993465694898,0.03815165741642914
0,3,male,23.0,0,0,7.8958,1,1,0,False,False,True,False,False,True,False,False,0.2837396330736366,0.031709248066172764
1,2,female,48.0,1,2,65.0,4,0,1,False,False,True,False,False,False,True,False,0.5978889168132696,0.26103765600714673
1,2,male,0.67,1,1,14.5,3,0,0,False,False,True,True,False,False,False,False,0.0031414928373963316,0.058231477109286583
0,3,male,28.0,0,0,7.7958,1,1,0,False,False,True,False,False,True,False,False,0.3465694898215632,0.03130765167231561
0,2,male,18.0,0,0,11.5,1,1,0,False,False,True,False,False,True,False,False,0.22090977632570996,0.04618358529357212
0,3,male,34.0,0,0,8.05,1,1,0,False,False,True,False,False,True,False,False,0.42196531791907516,0.03232850970550048
1,1,female,33.0,0,0,86.5,1,1,1,False,False,True,False,False,False,False,True,0.4093993465694898,0.34738088068643375
0,3,male,25.0,0,0,14.5,1,1,0,False,False,True,False,False,True,False,False,0.3088715757728072,0.058231477109286583
0,3,male,41.0,0,0,7.125,1,1,0,False,False,True,False,False,True,False,False,0.5099271173661724,0.028613743062321857
1,3,male,20.0,0,0,7.2292,1,1,0,True,False,False,False,False,True,False,False,0.24604171902488062,0.029032206504721002
1,1,female,36.0,1,2,120.0,4,0,1,False,False,True,False,False,False,True,False,0.4470972606182458,0.48191567262857865
0,3,male,16.0,0,0,7.775,1,1,0,False,False,True,False,False,True,False,False,0.19577783362653933,0.031224119622393326
1,1,female,51.0,1,0,77.9583,2,0,1,False,False,True,False,False,False,True,False,0.6355868308620256,0.31307772151233765
0,1,male,40.0,0,0,39.6,1,1,0,True,False,False,False,False,False,False,True,0.4973611460165871,0.15903217196743094
0,3,female,30.5,0,0,7.75,1,1,1,False,True,False,False,True,False,False,False,0.37798441819552653,0.031123720523929036
0,3,male,25.0,1,0,24.15,2,0,0,False,True,False,False,False,True,False,False,0.3088715757728072,0.09698552911650145
0,3,male,32.0,0,0,8.3625,1,1,0,False,False,True,False,False,True,False,False,0.39683337521990447,0.03358349843630408
0,3,male,24.0,0,0,9.5,1,1,0,False,False,True,False,False,True,False,False,0.2963056044232219,0.03815165741642914
0,3,male,48.0,0,0,7.8542,1,1,0,False,False,True,False,False,True,False,False,0.5978889168132696,0.031542183966328186
0,2,female,57.0,0,0,10.5,1,1,1,False,False,True,False,False,False,True,False,0.7109826589595376,0.04216762135500063
0,3,male,25.0,0,0,7.225,1,1,0,True,False,False,False,False,True,False,False,0.3088715757728072,0.029015339456179005
1,2,female,54.0,1,3,23.0,5,0,1,False,False,True,False,False,False,True,False,0.6732847449107816,0.09236717058714423
0,3,male,18.0,0,0,7.75,1,1,0,False,False,True,False,False,True,False,False,0.22090977632570996,0.031123720523929036
0,3,male,25.0,0,0,7.75,1,1,0,False,True,False,False,False,True,False,False,0.3088715757728072,0.031123720523929036
1,3,female,5.0,0,0,12.475,1,1,1,False,False,True,False,True,False,False,False,0.05755214878110078,0.05009915013367932
0,3,male,25.0,0,0,7.7375,1,1,0,False,True,False,False,False,True,False,False,0.3088715757728072,0.031073520974696893
1,1,female,43.0,0,1,211.3375,2,0,1,False,False,True,False,False,False,True,False,0.5350590600653431,0.848723778867852
1,3,female,13.0,0,0,7.2292,1,1,1,True,False,False,False,True,False,False,False,0.15807991957778336,0.029032206504721002
1,1,female,17.0,1,0,57.0,2,0,1,False,False,True,False,False,False,True,False,0.20834380497612465,0.22890994449857485
0,1,male,29.0,0,0,30.0,1,1,0,False,False,True,False,False,True,False,False,0.35913546117114853,0.12047891815714466
0,3,male,25.0,1,2,23.45,4,0,0,False,False,True,False,False,True,False,False,0.3088715757728072,0.0941743543595014
0,3,male,25.0,0,0,7.05,1,1,0,False,False,True,False,False,True,False,False,0.3088715757728072,0.028312545766928994
0,3,male,25.0,0,0,7.25,1,1,0,False,False,True,False,False,True,False,False,0.3088715757728072,0.029115738554643292
1,3,female,18.0,0,0,7.4958,1,1,1,False,False,True,False,True,False,False,False,0.22090977632570996,0.030102862490744165
0,3,male,8.0,4,1,29.125,6,0,0,False,True,False,True,False,False,False,False,0.09525006282985675,0.1169649497108946
1,3,male,1.0,1,2,20.575,4,0,0,False,False,True,True,False,False,False,False,0.007288263382759489,0.08262845803610838
0,1,male,46.0,0,0,79.2,1,1,0,True,False,False,False,False,True,False,False,0.572756974114099,0.3180643439348619
0,3,male,25.0,0,0,7.75,1,1,0,False,True,False,False,False,True,False,False,0.3088715757728072,0.031123720523929036
0,2,male,16.0,0,0,26.0,1,1,0,False,False,True,False,False,True,False,False,0.19577783362653933,0.10441506240285871
0,3,female,21.5,8,2,69.55,11,0,1,False,False,True,False,True,False,False,False,0.2648906760492586,0.279310291927647
0,1,male,40.0,0,0,30.6958,1,1,0,True,False,False,False,False,True,False,False,0.4973611460165871,0.12327322586560269
0,3,male,25.0,0,0,7.8958,1,1,0,False,False,True,False,False,True,False,False,0.3088715757728072,0.031709248066172764
0,2,male,39.0,0,0,13.0,1,1,0,False,False,True,False,False,True,False,False,0.4847951746670017,0.052207531201429354
1,1,female,49.0,0,0,25.9292,1,1,1,False,False,True,False,False,False,False,True,0.610454888162855,0.10413073215600785
1,3,female,31.0,0,0,8.6833,1,1,1,False,False,True,False,False,False,True,False,0.38426740387031916,0.0348718196677978
0,3,male,30.0,0,0,7.2292,1,1,0,True,False,False,False,False,True,False,False,0.37170143252073384,0.029032206504721002
0,3,female,30.0,1,1,24.15,3,0,1,False,False,True,False,False,False,True,False,0.37170143252073384,0.09698552911650145
0,2,male,34.0,0,0,13.0,1,1,0,False,False,True,False,False,True,False,False,0.42196531791907516,0.052207531201429354
1,2,female,31.0,1,1,26.25,3,0,1,False,False,True,False,False,False,True,False,0.38426740387031916,0.10541905338750157
1,1,male,11.0,1,2,120.0,4,0,0,False,False,True,True,False,False,False,False,0.13294797687861273,0.48191567262857865
1,3,male,0.42,0,1,8.5167,2,0,0,True,False,False,True,False,False,False,False,0.0,0.0342027600756318
1,3,male,27.0,0,0,6.975,1,1,0,False,False,True,False,False,True,False,False,0.33400351847197784,0.02801134847153613
0,3,male,31.0,0,0,7.775,1,1,0,False,False,True,False,False,True,False,False,0.38426740387031916,0.031224119622393326
0,1,male,39.0,0,0,0.0,1,1,0,False,False,True,False,False,True,False,False,0.4847951746670017,0.0
0,3,female,18.0,0,0,7.775,1,1,1,False,False,True,False,True,False,False,False,0.22090977632570996,0.031224119622393326
0,2,male,39.0,0,0,13.0,1,1,0,False,False,True,False,False,True,False,False,0.4847951746670017,0.052207531201429354
1,1,female,33.0,1,0,53.1,2,0,1,False,False,True,False,False,False,True,False,0.4093993465694898,0.21324768513814604
0,3,male,26.0,0,0,7.8875,1,1,0,False,False,True,False,False,True,False,False,0.32143754712239253,0.03167591556548262
0,3,male,39.0,0,0,24.15,1,1,0,False,False,True,False,False,True,False,False,0.4847951746670017,0.09698552911650145
0,2,male,35.0,0,0,10.5,1,1,0,False,False,True,False,False,True,False,False,0.43453128926866047,0.04216762135500063
0,3,female,6.0,4,2,31.275,7,0,1,False,False,True,False,True,False,False,False,0.0701181201306861,0.1255992721788233
0,3,male,30.5,0,0,8.05,1,1,0,False,False,True,False,False,True,False,False,0.37798441819552653,0.03232850970550048
0,1,male,40.0,0,0,0.0,1,1,0,False,False,True,False,False,True,False,False,0.4973611460165871,0.0
0,3,female,23.0,0,0,7.925,1,1,1,False,False,True,False,True,False,False,False,0.2837396330736366,0.031826514213179044
0,2,male,31.0,1,1,37.0042,3,0,0,True,False,False,False,False,True,False,False,0.38426740387031916,0.14860753277568706
0,3,male,43.0,0,0,6.45,1,1,0,False,False,True,False,False,True,False,False,0.5350590600653431,0.0259029674037861
0,3,male,10.0,3,2,27.9,6,0,0,False,False,True,True,False,False,False,False,0.12038200552902739,0.11204539388614453
1,1,female,52.0,1,1,93.5,3,0,1,False,False,True,False,False,False,True,False,0.648152802211611,0.3754926282564342
1,3,male,27.0,0,0,8.6625,1,1,0,False,False,True,False,False,True,False,False,0.33400351847197784,0.034788287617875516
0,1,male,38.0,0,0,0.0,1,1,0,False,False,True,False,False,False,False,True,0.4722292033174164,0.0
1,3,female,27.0,0,1,12.475,2,0,1,False,False,True,False,False,False,True,False,0.33400351847197784,0.05009915013367932
0,3,male,2.0,4,1,39.6875,6,0,0,False,False,True,True,False,False,False,False,0.01985423473234481,0.15938356881205595
0,3,male,25.0,0,0,6.95,1,1,0,False,True,False,False,False,True,False,False,0.3088715757728072,0.027910949373071845
0,3,male,25.0,0,0,56.4958,1,1,0,False,False,True,False,False,True,False,False,0.3088715757728072,0.22688509548074712
1,2,male,1.0,0,2,37.0042,3,0,0,True,False,False,True,False,False,False,False,0.007288263382759489,0.14860753277568706
1,3,male,25.0,0,0,7.75,1,1,0,False,True,False,False,False,True,False,False,0.3088715757728072,0.031123720523929036
1,1,female,62.0,0,0,80.0,1,1,1,False,False,True,False,False,False,True,False,0.7738125157074642,0.3212771150857191
1,3,female,15.0,1,0,14.4542,2,0,1,True,False,False,False,False,False,True,False,0.18321186227695402,0.05804754596090001
1,2,male,0.83,1,1,18.75,3,0,0,False,False,True,True,False,False,False,False,0.005152048253329982,0.07529932384821542
0,3,male,25.0,0,0,7.2292,1,1,0,True,False,False,False,False,True,False,False,0.3088715757728072,0.029032206504721002
0,3,male,23.0,0,0,7.8542,1,1,0,False,False,True,False,False,True,False,False,0.2837396330736366,0.031542183966328186
0,3,male,18.0,0,0,8.3,1,1,0,False,False,True,False,False,True,False,False,0.22090977632570996,0.03333250069014336
1,1,female,39.0,1,1,83.1583,3,0,1,True,False,False,False,True,False,False,False,0.4847951746670017,0.33396073399290943
0,3,male,21.0,0,0,8.6625,1,1,0,False,False,True,False,False,True,False,False,0.2586076903744659,0.034788287617875516
0,3,male,25.0,0,0,8.05,1,1,0,False,False,True,False,False,True,False,False,0.3088715757728072,0.03232850970550048
1,3,male,32.0,0,0,56.4958,1,1,0,False,False,True,False,False,True,False,False,0.39683337521990447,0.22688509548074712
1,1,male,40.0,0,0,29.7,1,1,0,True,False,False,False,False,True,False,False,0.4973611460165871,0.11927412897557321
0,3,male,20.0,0,0,7.925,1,1,0,False,False,True,False,False,True,False,False,0.24604171902488062,0.031826514213179044
0,2,male,16.0,0,0,10.5,1,1,0,False,False,True,False,False,True,False,False,0.19577783362653933,0.04216762135500063
1,1,female,30.0,0,0,31.0,1,1,1,True,False,False,False,True,False,False,False,0.37170143252073384,0.12449488209571614
0,3,male,34.5,0,0,6.4375,1,1,0,True,False,False,False,False,True,False,False,0.4282483035938678,0.025852767854553958
0,3,male,17.0,0,0,8.6625,1,1,0,False,False,True,False,False,True,False,False,0.20834380497612465,0.034788287617875516
0,3,male,42.0,0,0,7.55,1,1,0,False,False,True,False,False,True,False,False,0.5224930887157577,0.03032052773621474
0,3,male,25.0,8,2,69.55,11,0,0,False,False,True,False,False,True,False,False,0.3088715757728072,0.279310291927647
0,3,male,35.0,0,0,7.8958,1,1,0,True,False,False,False,False,True,False,False,0.43453128926866047,0.031709248066172764
0,2,male,28.0,0,1,33.0,2,0,0,False,False,True,False,False,False,False,True,0.3465694898215632,0.13252680997285912
1,1,female,35.0,1,0,89.1042,2,0,1,True,False,False,False,False,False,True,False,0.43453128926866047,0.3578392539752617
0,3,male,4.0,4,2,31.275,7,0,0,False,False,True,True,False,False,False,False,0.04498617743151546,0.1255992721788233
0,3,male,74.0,0,0,7.775,1,1,0,False,False,True,False,False,True,False,False,0.9246041719024881,0.031224119622393326
0,3,female,9.0,1,1,15.2458,3,0,1,True,False,False,False,True,False,False,False,0.10781603417944208,0.061226583014673194
1,1,female,16.0,0,1,39.4,2,0,1,False,False,True,False,True,False,False,False,0.19577783362653933,0.15822897917971665
0,2,female,44.0,1,0,26.0,2,0,1,False,False,True,False,False,False,True,False,0.5476250314149284,0.10441506240285871
1,3,female,18.0,0,1,9.35,2,0,1,False,False,True,False,False,False,True,False,0.22090977632570996,0.037549262825643415
1,1,female,45.0,1,1,164.8667,3,0,1,False,False,True,False,False,False,True,False,0.5601910027645137,0.662098721871284
1,1,male,51.0,0,0,26.55,1,1,0,False,False,True,False,False,True,False,False,0.6355868308620256,0.10662384256907302
1,3,female,24.0,0,3,19.2583,4,0,1,True,False,False,False,False,False,True,False,0.2963056044232219,0.0773406383181913
0,3,male,25.0,0,0,7.2292,1,1,0,True,False,False,False,False,True,False,False,0.3088715757728072,0.029032206504721002
0,3,male,41.0,2,0,14.1083,3,0,0,False,False,True,False,False,True,False,False,0.5099271173661724,0.056658424034548134
0,2,male,21.0,1,0,11.5,2,0,0,False,False,True,False,False,True,False,False,0.2586076903744659,0.04618358529357212
1,1,female,48.0,0,0,25.9292,1,1,1,False,False,True,False,False,False,True,False,0.5978889168132696,0.10413073215600785
0,3,female,21.5,8,2,69.55,11,0,1,False,False,True,False,True,False,False,False,0.2648906760492586,0.279310291927647
0,2,male,24.0,0,0,13.0,1,1,0,False,False,True,False,False,True,False,False,0.2963056044232219,0.052207531201429354
1,2,female,42.0,0,0,13.0,1,1,1,False,False,True,False,False,False,True,False,0.5224930887157577,0.052207531201429354
1,2,female,27.0,1,0,13.8583,2,0,1,True,False,False,False,True,False,False,False,0.33400351847197784,0.05565443304990526
0,1,male,31.0,0,0,50.4958,1,1,0,False,False,True,False,False,True,False,False,0.38426740387031916,0.20278931184931817
0,3,male,25.0,0,0,9.5,1,1,0,False,False,True,False,False,True,False,False,0.3088715757728072,0.03815165741642914
1,3,male,4.0,1,1,11.1333,3,0,0,False,False,True,True,False,False,False,False,0.04498617743151546,0.044710931317297954
0,3,male,26.0,0,0,7.8958,1,1,0,False,False,True,False,False,True,False,False,0.32143754712239253,0.031709248066172764
1,1,female,47.0,1,1,52.5542,3,0,1,False,False,True,False,False,False,True,False,0.5853229454636844,0.21105577202047374
0,1,male,33.0,0,0,5.0,1,1,0,False,False,True,False,False,True,False,False,0.4093993465694898,0.020079819692857444
0,3,male,47.0,0,0,9.0,1,1,0,False,False,True,False,False,True,False,False,0.5853229454636844,0.0361436754471434
1,2,female,28.0,1,0,24.0,2,0,1,True,False,False,False,False,False,True,False,0.3465694898215632,0.09638313452571573
1,3,female,15.0,0,0,7.225,1,1,1,True,False,False,False,True,False,False,False,0.18321186227695402,0.029015339456179005
0,3,male,20.0,0,0,9.8458,1,1,0,False,False,True,False,False,True,False,False,0.24604171902488062,0.03954037774638716
0,3,male,19.0,0,0,7.8958,1,1,0,False,False,True,False,False,True,False,False,0.23347574767529528,0.031709248066172764
0,3,male,25.0,0,0,7.8958,1,1,0,False,False,True,False,False,True,False,False,0.3088715757728072,0.031709248066172764
1,1,female,56.0,0,1,83.1583,2,0,1,True,False,False,False,False,False,True,False,0.6984166876099522,0.33396073399290943
1,2,female,25.0,0,1,26.0,2,0,1,False,False,True,False,False,False,True,False,0.3088715757728072,0.10441506240285871
0,3,male,33.0,0,0,7.8958,1,1,0,False,False,True,False,False,True,False,False,0.4093993465694898,0.031709248066172764
0,3,female,22.0,0,0,10.5167,1,1,1,False,False,True,False,True,False,False,False,0.2711736617240513,0.042234687952774776
0,2,male,28.0,0,0,10.5,1,1,0,False,False,True,False,False,True,False,False,0.3465694898215632,0.04216762135500063
0,3,male,25.0,0,0,7.05,1,1,0,False,False,True,False,False,True,False,False,0.3088715757728072,0.028312545766928994
0,3,female,39.0,0,5,29.125,6,0,1,False,True,False,False,False,False,True,False,0.4847951746670017,0.1169649497108946
0,2,male,27.0,0,0,13.0,1,1,0,False,False,True,False,False,False,False,True,0.33400351847197784,0.052207531201429354
1,1,female,19.0,0,0,30.0,1,1,1,False,False,True,False,True,False,False,False,0.23347574767529528,0.12047891815714466
0,3,female,21.5,1,2,23.45,4,0,1,False,False,True,False,True,False,False,False,0.2648906760492586,0.0941743543595014
1,1,male,26.0,0,0,30.0,1,1,0,True,False,False,False,False,True,False,False,0.32143754712239253,0.12047891815714466
0,3,male,32.0,0,0,7.75,1,1,0,False,True,False,False,False,True,False,False,0.39683337521990447,0.031123720523929036
